User ID,Predicted Rating
1642,4
1642,3
1642,4
1642,3
1642,2
1642,3
1642,5
1642,4
1642,5
1642,4
1642,5
1642,4
1642,3
1642,2
1642,2
1642,4
1642,2
1642,3
1642,4
1642,4
1642,5
1642,2
1642,3
1642,3
1642,3
1642,5
1642,3
1642,3
1642,5
1642,3
1102,4
1102,2
1102,1
1102,2
1102,3
1102,3
1102,1
1102,3
1102,3
1102,5
1102,3
1102,2
1102,4
1102,3
1102,5
1102,4
1102,5
1102,3
1102,3
1102,3
1102,3
1102,4
1102,3
1102,4
1102,5
1102,3
1102,3
1102,3
1102,4
1102,4
549,2
549,4
549,3
549,4
549,5
549,3
549,3
549,5
549,3
549,3
549,5
549,2
549,5
549,4
549,5
549,3
549,4
549,2
549,2
549,2
549,5
549,5
549,5
549,3
549,2
549,5
549,3
549,2
549,4
549,3
1641,3
1641,1
1641,2
1641,3
1641,4
1641,3
1641,3
1641,3
1641,4
1641,4
1641,3
1641,5
1641,4
1641,3
1641,4
1641,3
1641,3
1641,3
1641,3
1641,4
1641,4
1641,2
1641,2
1641,5
1641,4
1641,2
1641,3
1641,3
1641,4
1641,2
546,4
546,4
546,4
546,5
546,5
546,5
546,4
546,3
546,3
546,1
546,3
546,4
546,3
546,5
546,3
546,5
546,3
546,4
546,2
546,3
546,2
546,2
546,2
546,2
546,5
546,4
546,3
546,2
546,2
546,3
1096,4
1096,1
1096,3
1096,3
1096,5
1096,5
1096,3
1096,4
1096,3
1096,2
1096,3
1096,3
1096,1
1096,2
1096,2
1096,5
1096,3
1096,3
1096,3
1096,3
1096,4
1096,2
1096,3
1096,4
1096,4
1096,2
1096,3
1096,5
1096,2
1096,3
5,3
5,2
5,3
5,3
5,4
5,3
5,5
5,2
5,5
5,3
5,5
5,2
5,3
5,4
5,3
5,2
5,3
5,4
5,4
5,3
5,4
5,3
5,2
5,2
5,5
5,2
5,3
5,3
5,2
5,4
559,3
559,4
559,1
559,3
559,2
559,3
559,3
559,4
559,2
559,2
559,3
559,5
559,3
559,5
559,3
559,4
559,2
559,4
559,4
559,2
559,3
559,3
559,3
559,2
559,3
559,5
559,5
559,2
559,3
559,4
12,3
12,4
12,3
12,2
12,3
12,5
12,2
12,3
12,4
12,4
12,4
12,5
12,3
12,3
12,4
12,4
12,4
12,2
12,3
12,3
12,2
12,3
12,4
12,3
12,1
12,2
12,5
12,3
12,4
12,3
1659,3
1659,2
1659,3
1659,3
1659,3
1659,2
1659,3
1659,3
1659,4
1659,5
1659,3
1659,5
1659,3
1659,5
1659,4
1659,4
1659,5
1659,4
1659,4
1659,3
1659,3
1659,2
1659,3
1659,3
1659,4
1659,5
1659,5
1659,3
1659,3
1659,3
566,1
566,4
566,5
566,4
566,3
566,4
566,5
566,3
566,3
566,3
566,4
566,3
566,3
566,3
566,3
566,1
566,5
566,4
566,2
566,4
566,4
566,2
566,5
566,3
566,3
566,3
566,3
566,3
566,3
566,3
19,4
19,3
19,3
19,2
19,3
19,4
19,3
19,3
19,1
19,2
19,2
19,2
19,3
19,3
19,2
19,5
19,2
19,5
19,4
19,3
19,3
19,4
19,2
19,3
19,3
19,5
19,4
19,5
19,3
19,5
564,4
564,3
564,4
564,1
564,3
564,4
564,4
564,4
564,3
564,1
564,2
564,2
564,3
564,3
564,4
564,4
564,4
564,5
564,3
564,5
564,3
564,2
564,4
564,3
564,5
564,3
564,2
564,5
564,4
564,4
1662,2
1662,4
1662,4
1662,3
1662,3
1662,3
1662,2
1662,3
1662,2
1662,4
1662,3
1662,2
1662,5
1662,3
1662,1
1662,5
1662,3
1662,3
1662,4
1662,3
1662,2
1662,4
1662,3
1662,5
1662,3
1662,4
1662,3
1662,3
1662,4
1662,2
1112,3
1112,3
1112,2
1112,3
1112,3
1112,2
1112,3
1112,5
1112,4
1112,4
1112,5
1112,5
1112,3
1112,3
1112,4
1112,4
1112,3
1112,4
1112,3
1112,3
1112,3
1112,5
1112,5
1112,5
1112,3
1112,3
1112,4
1112,2
1112,4
1112,3
575,4
575,2
575,2
575,1
575,2
575,3
575,2
575,3
575,3
575,3
575,5
575,5
575,1
575,2
575,3
575,2
575,3
575,2
575,4
575,3
575,3
575,2
575,5
575,3
575,4
575,3
575,2
575,3
575,3
575,2
24,4
24,4
24,3
24,3
24,5
24,5
24,3
24,3
24,4
24,2
24,4
24,4
24,4
24,3
24,3
24,5
24,3
24,2
24,3
24,4
24,4
24,3
24,2
24,3
24,3
24,3
24,2
24,5
24,5
24,3
572,3
572,4
572,4
572,3
572,3
572,3
572,3
572,5
572,3
572,3
572,3
572,4
572,5
572,5
572,2
572,2
572,2
572,5
572,5
572,4
572,2
572,5
572,4
572,1
572,2
572,5
572,5
572,5
572,3
572,3
1648,3
1648,1
1648,3
1648,4
1648,2
1648,3
1648,5
1648,4
1648,2
1648,5
1648,4
1648,5
1648,5
1648,2
1648,3
1648,4
1648,2
1648,4
1648,2
1648,2
1648,3
1648,5
1648,5
1648,2
1648,3
1648,5
1648,3
1648,2
1648,4
1648,4
569,3
569,2
569,3
569,2
569,3
569,3
569,3
569,2
569,5
569,5
569,5
569,3
569,4
569,2
569,4
569,5
569,4
569,2
569,4
569,3
569,4
569,5
569,5
569,1
569,2
569,5
569,3
569,3
569,4
569,3
31,2
31,2
31,3
31,5
31,3
31,5
31,3
31,4
31,4
31,2
31,3
31,4
31,4
31,3
31,3
31,2
31,5
31,4
31,3
31,3
31,3
31,4
31,4
31,5
31,3
31,5
31,2
31,2
31,4
31,3
1135,4
1135,4
1135,3
1135,1
1135,3
1135,2
1135,3
1135,3
1135,5
1135,5
1135,3
1135,4
1135,3
1135,3
1135,3
1135,4
1135,4
1135,2
1135,3
1135,2
1135,3
1135,4
1135,3
1135,4
1135,5
1135,4
1135,4
1135,4
1135,4
1135,3
1611,4
1611,3
1611,1
1611,2
1611,5
1611,4
1611,5
1611,3
1611,2
1611,4
1611,3
1611,4
1611,3
1611,4
1611,5
1611,4
1611,2
1611,3
1611,2
1611,3
1611,4
1611,2
1611,4
1611,3
1611,5
1611,2
1611,3
1611,5
1611,3
1611,3
512,4
512,4
512,2
512,4
512,1
512,4
512,3
512,5
512,5
512,2
512,3
512,4
512,2
512,4
512,1
512,2
512,2
512,4
512,2
512,3
512,3
512,2
512,3
512,3
512,4
512,5
512,2
512,3
512,4
512,5
1613,2
1613,3
1613,5
1613,3
1613,4
1613,4
1613,4
1613,5
1613,2
1613,5
1613,5
1613,3
1613,2
1613,3
1613,4
1613,2
1613,4
1613,3
1613,3
1613,4
1613,4
1613,3
1613,2
1613,4
1613,3
1613,2
1613,2
1613,3
1613,5
1613,3
1131,4
1131,2
1131,2
1131,4
1131,3
1131,4
1131,3
1131,4
1131,3
1131,5
1131,3
1131,2
1131,2
1131,3
1131,1
1131,4
1131,2
1131,5
1131,3
1131,5
1131,3
1131,1
1131,5
1131,5
1131,2
1131,2
1131,2
1131,4
1131,3
1131,3
1614,4
1614,3
1614,2
1614,2
1614,3
1614,5
1614,3
1614,4
1614,5
1614,4
1614,1
1614,4
1614,3
1614,2
1614,3
1614,4
1614,3
1614,2
1614,2
1614,4
1614,3
1614,3
1614,3
1614,4
1614,2
1614,3
1614,3
1614,3
1614,4
1614,3
1600,1
1600,3
1600,3
1600,3
1600,5
1600,3
1600,3
1600,3
1600,3
1600,4
1600,3
1600,3
1600,4
1600,4
1600,2
1600,3
1600,2
1600,5
1600,2
1600,4
1600,3
1600,3
1600,2
1600,4
1600,5
1600,3
1600,3
1600,5
1600,2
1600,2
526,2
526,1
526,3
526,3
526,3
526,3
526,2
526,3
526,3
526,3
526,3
526,1
526,4
526,3
526,5
526,3
526,5
526,3
526,3
526,3
526,2
526,3
526,2
526,2
526,2
526,3
526,3
526,2
526,3
526,3
1604,5
1604,2
1604,3
1604,4
1604,3
1604,3
1604,3
1604,3
1604,4
1604,3
1604,3
1604,3
1604,4
1604,2
1604,4
1604,5
1604,5
1604,4
1604,3
1604,5
1604,3
1604,5
1604,4
1604,2
1604,3
1604,3
1604,4
1604,5
1604,2
1604,3
1122,4
1122,3
1122,3
1122,3
1122,4
1122,3
1122,3
1122,3
1122,3
1122,3
1122,4
1122,3
1122,2
1122,3
1122,5
1122,4
1122,2
1122,3
1122,3
1122,4
1122,4
1122,5
1122,5
1122,4
1122,5
1122,4
1122,5
1122,3
1122,3
1122,4
523,4
523,4
523,1
523,2
523,3
523,2
523,2
523,4
523,3
523,3
523,2
523,5
523,2
523,5
523,3
523,1
523,3
523,3
523,2
523,5
523,5
523,4
523,3
523,3
523,3
523,2
523,2
523,3
523,5
523,3
532,4
532,2
532,2
532,2
532,2
532,3
532,5
532,5
532,2
532,2
532,1
532,5
532,5
532,5
532,4
532,3
532,4
532,5
532,2
532,4
532,4
532,3
532,4
532,3
532,4
532,4
532,2
532,3
532,3
532,3
535,4
535,3
535,3
535,2
535,5
535,5
535,3
535,3
535,4
535,2
535,5
535,1
535,2
535,5
535,5
535,3
535,3
535,2
535,3
535,2
535,4
535,4
535,2
535,5
535,4
535,5
535,4
535,3
535,4
535,2
1628,4
1628,3
1628,2
1628,3
1628,3
1628,3
1628,5
1628,3
1628,5
1628,1
1628,4
1628,3
1628,3
1628,4
1628,2
1628,3
1628,5
1628,5
1628,5
1628,4
1628,4
1628,4
1628,3
1628,3
1628,5
1628,4
1628,5
1628,3
1628,3
1628,2
1631,4
1631,2
1631,3
1631,2
1631,4
1631,5
1631,4
1631,3
1631,1
1631,3
1631,5
1631,5
1631,2
1631,3
1631,3
1631,3
1631,3
1631,2
1631,3
1631,3
1631,5
1631,4
1631,3
1631,5
1631,2
1631,2
1631,2
1631,4
1631,3
1631,4
1145,4
1145,3
1145,3
1145,2
1145,4
1145,3
1145,3
1145,5
1145,3
1145,5
1145,3
1145,5
1145,3
1145,5
1145,4
1145,3
1145,4
1145,4
1145,4
1145,2
1145,2
1145,4
1145,4
1145,3
1145,4
1145,2
1145,4
1145,5
1145,3
1145,4
52,3
52,3
52,3
52,3
52,5
52,4
52,3
52,5
52,4
52,2
52,2
52,3
52,5
52,3
52,3
52,2
52,5
52,4
52,2
52,5
52,4
52,3
52,5
52,2
52,5
52,3
52,5
52,3
52,3
52,4
1144,2
1144,1
1144,2
1144,3
1144,3
1144,3
1144,3
1144,3
1144,5
1144,2
1144,4
1144,4
1144,3
1144,5
1144,5
1144,5
1144,4
1144,2
1144,3
1144,2
1144,3
1144,2
1144,4
1144,1
1144,2
1144,5
1144,5
1144,3
1144,4
1144,3
530,4
530,1
530,3
530,4
530,1
530,3
530,3
530,3
530,5
530,4
530,3
530,3
530,5
530,1
530,4
530,2
530,3
530,2
530,2
530,5
530,4
530,4
530,3
530,4
530,3
530,5
530,5
530,5
530,3
530,4
543,3
543,2
543,5
543,2
543,3
543,4
543,3
543,5
543,5
543,5
543,4
543,4
543,5
543,3
543,3
543,2
543,3
543,4
543,2
543,3
543,3
543,2
543,5
543,3
543,2
543,3
543,4
543,4
543,4
543,5
1618,3
1618,1
1618,2
1618,3
1618,2
1618,3
1618,4
1618,2
1618,3
1618,2
1618,3
1618,3
1618,5
1618,5
1618,3
1618,4
1618,3
1618,5
1618,5
1618,3
1618,3
1618,2
1618,3
1618,3
1618,2
1618,2
1618,3
1618,5
1618,4
1618,3
542,4
542,1
542,2
542,3
542,3
542,1
542,3
542,3
542,2
542,3
542,3
542,3
542,3
542,2
542,5
542,4
542,3
542,3
542,5
542,2
542,4
542,4
542,4
542,2
542,3
542,5
542,5
542,2
542,3
542,3
1140,3
1140,3
1140,4
1140,3
1140,3
1140,3
1140,5
1140,3
1140,3
1140,5
1140,3
1140,5
1140,5
1140,4
1140,4
1140,3
1140,3
1140,4
1140,4
1140,2
1140,2
1140,3
1140,4
1140,3
1140,3
1140,3
1140,3
1140,3
1140,5
1140,3
537,4
537,3
537,3
537,3
537,2
537,3
537,5
537,3
537,5
537,4
537,2
537,3
537,5
537,3
537,3
537,5
537,3
537,4
537,3
537,3
537,1
537,5
537,5
537,4
537,3
537,3
537,3
537,5
537,3
537,2
63,3
63,3
63,1
63,4
63,3
63,2
63,5
63,2
63,3
63,3
63,4
63,2
63,5
63,3
63,4
63,2
63,5
63,3
63,3
63,2
63,5
63,2
63,2
63,3
63,1
63,2
63,5
63,3
63,3
63,4
62,4
62,4
62,3
62,4
62,3
62,5
62,5
62,3
62,4
62,3
62,5
62,1
62,3
62,3
62,5
62,3
62,4
62,2
62,3
62,5
62,5
62,4
62,2
62,4
62,4
62,5
62,5
62,4
62,3
62,2
68,4
68,4
68,2
68,4
68,3
68,3
68,2
68,5
68,3
68,5
68,3
68,5
68,4
68,4
68,5
68,2
68,3
68,3
68,2
68,2
68,4
68,5
68,5
68,5
68,3
68,4
68,3
68,3
68,4
68,3
1032,4
1032,3
1032,4
1032,3
1032,3
1032,3
1032,4
1032,3
1032,3
1032,3
1032,4
1032,4
1032,4
1032,3
1032,5
1032,3
1032,3
1032,4
1032,4
1032,3
1032,4
1032,2
1032,2
1032,4
1032,2
1032,3
1032,5
1032,4
1032,4
1032,5
69,4
69,3
69,2
69,2
69,3
69,3
69,3
69,3
69,4
69,4
69,3
69,3
69,4
69,5
69,2
69,2
69,3
69,4
69,5
69,5
69,3
69,5
69,5
69,1
69,3
69,2
69,3
69,3
69,3
69,3
1033,3
1033,4
1033,4
1033,3
1033,3
1033,3
1033,3
1033,3
1033,5
1033,5
1033,5
1033,3
1033,3
1033,5
1033,5
1033,5
1033,3
1033,3
1033,4
1033,2
1033,5
1033,5
1033,3
1033,4
1033,2
1033,3
1033,2
1033,3
1033,2
1033,3
1583,2
1583,4
1583,2
1583,3
1583,5
1583,3
1583,3
1583,4
1583,5
1583,3
1583,3
1583,2
1583,5
1583,3
1583,5
1583,3
1583,3
1583,2
1583,3
1583,4
1583,3
1583,4
1583,5
1583,4
1583,4
1583,5
1583,3
1583,3
1583,3
1583,4
70,4
70,3
70,3
70,4
70,4
70,3
70,5
70,3
70,4
70,1
70,5
70,4
70,5
70,4
70,3
70,3
70,3
70,2
70,3
70,4
70,4
70,5
70,2
70,3
70,3
70,4
70,3
70,5
70,3
70,3
608,3
608,4
608,3
608,1
608,4
608,4
608,5
608,5
608,4
608,2
608,2
608,1
608,5
608,5
608,3
608,2
608,1
608,2
608,4
608,5
608,3
608,3
608,4
608,2
608,4
608,4
608,2
608,5
608,3
608,2
1035,4
1035,3
1035,5
1035,3
1035,3
1035,2
1035,4
1035,4
1035,4
1035,5
1035,3
1035,5
1035,5
1035,1
1035,4
1035,3
1035,5
1035,5
1035,1
1035,5
1035,4
1035,3
1035,2
1035,3
1035,4
1035,4
1035,3
1035,2
1035,5
1035,4
71,2
71,3
71,3
71,3
71,4
71,4
71,4
71,5
71,3
71,4
71,4
71,5
71,1
71,4
71,5
71,5
71,5
71,4
71,4
71,3
71,2
71,5
71,3
71,4
71,3
71,2
71,3
71,5
71,3
71,4
1581,4
1581,2
1581,3
1581,3
1581,4
1581,3
1581,3
1581,3
1581,3
1581,1
1581,4
1581,5
1581,3
1581,3
1581,3
1581,3
1581,2
1581,3
1581,3
1581,2
1581,3
1581,3
1581,3
1581,5
1581,4
1581,3
1581,2
1581,3
1581,3
1581,3
1039,3
1039,2
1039,3
1039,3
1039,3
1039,3
1039,1
1039,3
1039,5
1039,3
1039,3
1039,2
1039,5
1039,5
1039,5
1039,3
1039,4
1039,3
1039,3
1039,4
1039,2
1039,5
1039,2
1039,3
1039,5
1039,3
1039,4
1039,4
1039,3
1039,3
78,3
78,2
78,4
78,2
78,3
78,1
78,5
78,3
78,3
78,2
78,5
78,3
78,4
78,3
78,5
78,2
78,3
78,3
78,5
78,4
78,5
78,4
78,3
78,4
78,3
78,5
78,5
78,2
78,3
78,4
1026,2
1026,3
1026,4
1026,3
1026,3
1026,2
1026,3
1026,3
1026,3
1026,4
1026,4
1026,5
1026,3
1026,3
1026,3
1026,3
1026,4
1026,5
1026,3
1026,4
1026,2
1026,3
1026,2
1026,2
1026,4
1026,4
1026,5
1026,5
1026,5
1026,2
1573,3
1573,2
1573,4
1573,3
1573,1
1573,3
1573,4
1573,5
1573,3
1573,4
1573,2
1573,4
1573,3
1573,5
1573,5
1573,4
1573,3
1573,2
1573,5
1573,3
1573,3
1573,5
1573,2
1573,4
1573,2
1573,2
1573,3
1573,4
1573,3
1573,3
1027,3
1027,4
1027,4
1027,5
1027,3
1027,3
1027,3
1027,4
1027,5
1027,3
1027,2
1027,5
1027,5
1027,4
1027,2
1027,4
1027,2
1027,2
1027,5
1027,3
1027,4
1027,5
1027,2
1027,5
1027,3
1027,3
1027,3
1027,3
1027,4
1027,2
1028,4
1028,2
1028,2
1028,3
1028,3
1028,4
1028,5
1028,5
1028,5
1028,3
1028,3
1028,5
1028,3
1028,5
1028,3
1028,3
1028,4
1028,4
1028,2
1028,4
1028,4
1028,5
1028,1
1028,4
1028,2
1028,3
1028,2
1028,4
1028,4
1028,3
1568,4
1568,3
1568,2
1568,1
1568,3
1568,3
1568,2
1568,3
1568,2
1568,3
1568,3
1568,5
1568,3
1568,3
1568,3
1568,3
1568,2
1568,4
1568,2
1568,3
1568,3
1568,2
1568,4
1568,3
1568,3
1568,5
1568,3
1568,3
1568,4
1568,3
1031,2
1031,2
1031,4
1031,5
1031,3
1031,5
1031,4
1031,2
1031,4
1031,5
1031,1
1031,4
1031,2
1031,3
1031,2
1031,2
1031,4
1031,2
1031,3
1031,3
1031,4
1031,2
1031,5
1031,5
1031,2
1031,3
1031,4
1031,4
1031,4
1031,3
1597,2
1597,4
1597,3
1597,3
1597,4
1597,3
1597,4
1597,3
1597,3
1597,4
1597,5
1597,3
1597,4
1597,3
1597,5
1597,3
1597,2
1597,3
1597,5
1597,3
1597,3
1597,2
1597,4
1597,3
1597,5
1597,2
1597,4
1597,4
1597,4
1597,5
624,4
624,1
624,4
624,3
624,4
624,2
624,4
624,3
624,4
624,4
624,3
624,3
624,3
624,5
624,5
624,3
624,5
624,4
624,3
624,4
624,4
624,2
624,4
624,4
624,4
624,2
624,2
624,4
624,3
624,5
1596,4
1596,3
1596,1
1596,4
1596,2
1596,3
1596,4
1596,5
1596,3
1596,4
1596,3
1596,2
1596,2
1596,4
1596,2
1596,4
1596,2
1596,4
1596,2
1596,4
1596,2
1596,2
1596,2
1596,3
1596,2
1596,3
1596,3
1596,4
1596,3
1596,3
80,1
80,3
80,4
80,3
80,3
80,4
80,3
80,5
80,3
80,3
80,4
80,4
80,5
80,3
80,3
80,2
80,1
80,4
80,4
80,3
80,4
80,3
80,2
80,3
80,4
80,4
80,5
80,3
80,3
80,4
93,2
93,4
93,2
93,3
93,2
93,2
93,4
93,3
93,4
93,4
93,5
93,3
93,2
93,3
93,1
93,4
93,3
93,5
93,2
93,3
93,2
93,4
93,2
93,3
93,2
93,3
93,5
93,3
93,4
93,3
1040,1
1040,3
1040,3
1040,3
1040,3
1040,4
1040,3
1040,4
1040,4
1040,2
1040,3
1040,1
1040,2
1040,2
1040,3
1040,4
1040,4
1040,2
1040,5
1040,3
1040,4
1040,3
1040,2
1040,3
1040,5
1040,3
1040,3
1040,4
1040,3
1040,3
92,4
92,2
92,3
92,4
92,3
92,3
92,2
92,4
92,4
92,5
92,3
92,3
92,4
92,2
92,1
92,5
92,5
92,2
92,4
92,4
92,4
92,3
92,3
92,4
92,5
92,2
92,4
92,5
92,2
92,2
1589,2
1589,2
1589,3
1589,1
1589,2
1589,3
1589,4
1589,5
1589,3
1589,4
1589,5
1589,3
1589,4
1589,1
1589,2
1589,5
1589,2
1589,3
1589,3
1589,3
1589,3
1589,2
1589,2
1589,3
1589,4
1589,3
1589,1
1589,2
1589,5
1589,4
1043,2
1043,1
1043,3
1043,2
1043,2
1043,2
1043,4
1043,2
1043,4
1043,5
1043,3
1043,4
1043,4
1043,4
1043,4
1043,4
1043,3
1043,4
1043,2
1043,3
1043,2
1043,5
1043,3
1043,3
1043,3
1043,1
1043,5
1043,4
1043,3
1043,3
1588,3
1588,2
1588,1
1588,2
1588,3
1588,2
1588,3
1588,3
1588,4
1588,5
1588,3
1588,2
1588,5
1588,2
1588,4
1588,2
1588,3
1588,3
1588,2
1588,5
1588,2
1588,5
1588,3
1588,3
1588,3
1588,2
1588,5
1588,3
1588,4
1588,3
639,4
639,4
639,3
639,4
639,4
639,3
639,4
639,3
639,4
639,3
639,3
639,2
639,2
639,5
639,3
639,4
639,3
639,4
639,4
639,2
639,5
639,4
639,3
639,4
639,5
639,4
639,5
639,3
639,2
639,3
1586,2
1586,2
1586,3
1586,3
1586,3
1586,3
1586,3
1586,4
1586,4
1586,3
1586,4
1586,5
1586,3
1586,3
1586,2
1586,5
1586,3
1586,2
1586,3
1586,4
1586,5
1586,4
1586,2
1586,4
1586,5
1586,3
1586,4
1586,4
1586,4
1586,3
90,4
90,5
90,3
90,1
90,3
90,1
90,2
90,3
90,2
90,3
90,4
90,3
90,5
90,1
90,5
90,3
90,4
90,3
90,4
90,5
90,5
90,3
90,3
90,5
90,3
90,5
90,3
90,3
90,2
90,4
1046,4
1046,3
1046,3
1046,3
1046,2
1046,5
1046,4
1046,3
1046,3
1046,4
1046,5
1046,4
1046,4
1046,4
1046,2
1046,5
1046,5
1046,3
1046,3
1046,3
1046,2
1046,4
1046,2
1046,4
1046,2
1046,3
1046,5
1046,3
1046,4
1046,4
1066,3
1066,3
1066,3
1066,3
1066,3
1066,2
1066,2
1066,3
1066,3
1066,1
1066,4
1066,3
1066,5
1066,5
1066,4
1066,3
1066,4
1066,2
1066,3
1066,4
1066,3
1066,3
1066,3
1066,2
1066,3
1066,3
1066,4
1066,3
1066,3
1066,2
578,4
578,3
578,3
578,3
578,5
578,3
578,5
578,2
578,3
578,5
578,5
578,3
578,4
578,5
578,2
578,3
578,4
578,3
578,3
578,3
578,2
578,5
578,2
578,3
578,3
578,1
578,2
578,3
578,4
578,3
1056,2
1056,3
1056,3
1056,2
1056,1
1056,3
1056,4
1056,3
1056,3
1056,3
1056,3
1056,5
1056,3
1056,5
1056,5
1056,5
1056,2
1056,3
1056,1
1056,3
1056,3
1056,4
1056,2
1056,3
1056,3
1056,2
1056,5
1056,5
1056,4
1056,4
109,3
109,3
109,5
109,4
109,3
109,5
109,2
109,5
109,4
109,1
109,3
109,2
109,2
109,4
109,1
109,5
109,4
109,2
109,2
109,2
109,5
109,3
109,2
109,2
109,5
109,3
109,2
109,4
109,3
109,4
587,3
587,2
587,2
587,3
587,3
587,3
587,2
587,3
587,3
587,5
587,4
587,2
587,2
587,3
587,3
587,1
587,3
587,5
587,3
587,3
587,5
587,4
587,2
587,4
587,3
587,4
587,3
587,3
587,4
587,3
1543,4
1543,2
1543,3
1543,3
1543,5
1543,5
1543,4
1543,4
1543,4
1543,5
1543,2
1543,3
1543,4
1543,2
1543,3
1543,3
1543,3
1543,3
1543,2
1543,4
1543,3
1543,3
1543,2
1543,3
1543,3
1543,2
1543,3
1543,4
1543,3
1543,4
106,4
106,2
106,1
106,2
106,3
106,4
106,4
106,4
106,4
106,3
106,3
106,3
106,2
106,4
106,2
106,3
106,2
106,2
106,5
106,3
106,3
106,5
106,4
106,4
106,3
106,5
106,3
106,4
106,3
106,3
588,4
588,5
588,3
588,3
588,3
588,3
588,2
588,5
588,4
588,5
588,5
588,5
588,5
588,3
588,3
588,3
588,2
588,3
588,3
588,3
588,4
588,1
588,4
588,4
588,3
588,3
588,3
588,4
588,3
588,3
589,3
589,2
589,4
589,2
589,4
589,5
589,3
589,5
589,5
589,3
589,4
589,2
589,5
589,3
589,3
589,3
589,4
589,3
589,4
589,2
589,3
589,3
589,3
589,4
589,5
589,5
589,5
589,3
589,3
589,3
105,2
105,3
105,2
105,2
105,4
105,5
105,3
105,4
105,4
105,3
105,1
105,5
105,4
105,3
105,4
105,5
105,2
105,2
105,2
105,4
105,4
105,4
105,2
105,4
105,4
105,4
105,3
105,5
105,5
105,3
1565,2
1565,5
1565,2
1565,3
1565,3
1565,3
1565,3
1565,3
1565,3
1565,5
1565,4
1565,5
1565,3
1565,3
1565,4
1565,3
1565,4
1565,5
1565,3
1565,3
1565,4
1565,5
1565,4
1565,3
1565,2
1565,3
1565,4
1565,3
1565,3
1565,4
118,3
118,4
118,4
118,3
118,2
118,3
118,4
118,5
118,3
118,4
118,3
118,3
118,4
118,4
118,3
118,5
118,4
118,2
118,5
118,4
118,2
118,4
118,3
118,4
118,3
118,4
118,3
118,2
118,5
118,3
1087,3
1087,2
1087,4
1087,3
1087,2
1087,5
1087,4
1087,3
1087,3
1087,3
1087,1
1087,5
1087,4
1087,3
1087,3
1087,3
1087,3
1087,4
1087,4
1087,3
1087,3
1087,4
1087,3
1087,3
1087,5
1087,4
1087,5
1087,3
1087,4
1087,3
597,3
597,3
597,2
597,3
597,2
597,3
597,2
597,3
597,2
597,2
597,3
597,4
597,2
597,3
597,2
597,3
597,3
597,3
597,3
597,5
597,3
597,3
597,1
597,5
597,5
597,3
597,2
597,5
597,3
597,4
1086,3
1086,5
1086,1
1086,4
1086,4
1086,3
1086,3
1086,4
1086,1
1086,4
1086,5
1086,3
1086,3
1086,2
1086,3
1086,3
1086,3
1086,3
1086,4
1086,5
1086,3
1086,3
1086,4
1086,1
1086,3
1086,4
1086,3
1086,5
1086,3
1086,4
1560,5
1560,4
1560,3
1560,3
1560,4
1560,4
1560,3
1560,5
1560,3
1560,4
1560,3
1560,3
1560,3
1560,1
1560,4
1560,3
1560,3
1560,3
1560,3
1560,4
1560,2
1560,3
1560,4
1560,5
1560,3
1560,5
1560,2
1560,3
1560,3
1560,4
1562,4
1562,4
1562,3
1562,3
1562,1
1562,3
1562,5
1562,3
1562,5
1562,2
1562,2
1562,4
1562,3
1562,3
1562,4
1562,3
1562,3
1562,2
1562,4
1562,4
1562,4
1562,3
1562,5
1562,5
1562,4
1562,4
1562,5
1562,3
1562,4
1562,3
1073,3
1073,3
1073,3
1073,5
1073,3
1073,4
1073,3
1073,1
1073,5
1073,2
1073,3
1073,2
1073,5
1073,2
1073,4
1073,2
1073,3
1073,2
1073,3
1073,3
1073,2
1073,3
1073,2
1073,2
1073,5
1073,3
1073,3
1073,4
1073,4
1073,2
125,3
125,3
125,3
125,2
125,3
125,3
125,3
125,5
125,1
125,3
125,3
125,3
125,3
125,3
125,3
125,3
125,4
125,3
125,4
125,2
125,4
125,4
125,3
125,3
125,5
125,5
125,3
125,5
125,3
125,4
1077,4
1077,1
1077,2
1077,4
1077,3
1077,4
1077,2
1077,2
1077,4
1077,5
1077,3
1077,4
1077,5
1077,1
1077,3
1077,3
1077,5
1077,3
1077,3
1077,4
1077,3
1077,4
1077,2
1077,3
1077,5
1077,3
1077,5
1077,5
1077,4
1077,4
606,3
606,2
606,1
606,3
606,4
606,3
606,3
606,3
606,3
606,4
606,2
606,3
606,5
606,3
606,5
606,3
606,3
606,3
606,5
606,5
606,2
606,3
606,4
606,3
606,3
606,3
606,4
606,5
606,5
606,3
139,2
139,2
139,2
139,4
139,3
139,4
139,5
139,2
139,5
139,1
139,2
139,2
139,3
139,4
139,4
139,2
139,4
139,3
139,3
139,4
139,4
139,5
139,4
139,1
139,4
139,2
139,5
139,5
139,4
139,2
1222,3
1222,3
1222,3
1222,3
1222,3
1222,3
1222,3
1222,3
1222,5
1222,3
1222,4
1222,4
1222,4
1222,4
1222,5
1222,3
1222,2
1222,3
1222,3
1222,3
1222,4
1222,2
1222,3
1222,4
1222,4
1222,4
1222,4
1222,2
1222,3
1222,2
1767,2
1767,2
1767,3
1767,4
1767,2
1767,1
1767,5
1767,3
1767,2
1767,3
1767,3
1767,2
1767,5
1767,2
1767,5
1767,5
1767,5
1767,3
1767,2
1767,4
1767,3
1767,3
1767,3
1767,2
1767,2
1767,3
1767,2
1767,3
1767,4
1767,4
140,3
140,3
140,3
140,4
140,4
140,2
140,4
140,2
140,2
140,3
140,3
140,2
140,3
140,2
140,4
140,5
140,3
140,4
140,4
140,5
140,4
140,3
140,3
140,4
140,1
140,3
140,2
140,5
140,5
140,4
1219,4
1219,3
1219,3
1219,1
1219,3
1219,3
1219,3
1219,4
1219,4
1219,3
1219,2
1219,3
1219,5
1219,3
1219,3
1219,4
1219,5
1219,3
1219,3
1219,5
1219,2
1219,3
1219,2
1219,3
1219,4
1219,3
1219,4
1219,2
1219,3
1219,2
1218,3
1218,3
1218,4
1218,2
1218,3
1218,3
1218,2
1218,4
1218,2
1218,4
1218,3
1218,4
1218,4
1218,2
1218,5
1218,3
1218,1
1218,4
1218,2
1218,4
1218,5
1218,2
1218,2
1218,3
1218,3
1218,5
1218,3
1218,2
1218,4
1218,2
1769,4
1769,1
1769,4
1769,4
1769,3
1769,3
1769,3
1769,3
1769,5
1769,3
1769,1
1769,5
1769,3
1769,2
1769,2
1769,3
1769,4
1769,2
1769,2
1769,5
1769,4
1769,2
1769,4
1769,5
1769,4
1769,3
1769,3
1769,5
1769,3
1769,3
1231,3
1231,2
1231,3
1231,4
1231,3
1231,5
1231,3
1231,5
1231,5
1231,3
1231,2
1231,2
1231,3
1231,5
1231,4
1231,3
1231,2
1231,3
1231,4
1231,2
1231,2
1231,3
1231,4
1231,5
1231,3
1231,5
1231,5
1231,3
1231,3
1231,4
131,1
131,3
131,4
131,3
131,2
131,4
131,5
131,5
131,3
131,3
131,3
131,4
131,4
131,3
131,3
131,4
131,4
131,5
131,3
131,2
131,3
131,3
131,3
131,5
131,2
131,2
131,3
131,3
131,3
131,4
674,4
674,3
674,3
674,2
674,3
674,2
674,4
674,3
674,5
674,3
674,4
674,1
674,4
674,3
674,2
674,4
674,5
674,3
674,3
674,2
674,4
674,5
674,2
674,4
674,4
674,4
674,3
674,3
674,4
674,3
673,4
673,3
673,4
673,5
673,3
673,2
673,3
673,4
673,1
673,3
673,4
673,3
673,2
673,3
673,2
673,4
673,3
673,3
673,2
673,3
673,1
673,4
673,5
673,5
673,4
673,4
673,4
673,3
673,3
673,2
702,2
702,3
702,3
702,4
702,3
702,3
702,3
702,5
702,4
702,2
702,5
702,2
702,2
702,5
702,5
702,3
702,3
702,2
702,4
702,4
702,3
702,4
702,3
702,3
702,3
702,1
702,4
702,2
702,3
702,2
1779,2
1779,2
1779,3
1779,4
1779,3
1779,3
1779,3
1779,3
1779,2
1779,2
1779,3
1779,3
1779,3
1779,2
1779,5
1779,5
1779,4
1779,4
1779,3
1779,2
1779,3
1779,2
1779,2
1779,3
1779,4
1779,2
1779,3
1779,3
1779,3
1779,4
1237,4
1237,2
1237,3
1237,5
1237,5
1237,3
1237,3
1237,2
1237,5
1237,3
1237,4
1237,3
1237,5
1237,2
1237,4
1237,2
1237,4
1237,3
1237,2
1237,5
1237,3
1237,4
1237,3
1237,4
1237,5
1237,5
1237,3
1237,4
1237,4
1237,2
154,3
154,4
154,4
154,3
154,3
154,3
154,5
154,4
154,3
154,2
154,5
154,5
154,2
154,5
154,3
154,2
154,3
154,2
154,3
154,3
154,2
154,5
154,3
154,5
154,3
154,3
154,3
154,2
154,4
154,2
1238,4
1238,3
1238,2
1238,4
1238,3
1238,4
1238,4
1238,3
1238,5
1238,3
1238,5
1238,5
1238,4
1238,4
1238,5
1238,3
1238,3
1238,4
1238,2
1238,4
1238,3
1238,4
1238,3
1238,4
1238,2
1238,4
1238,5
1238,3
1238,3
1238,2
701,4
701,2
701,2
701,3
701,4
701,3
701,3
701,4
701,3
701,5
701,3
701,4
701,4
701,4
701,5
701,3
701,3
701,5
701,2
701,5
701,3
701,5
701,4
701,3
701,3
701,5
701,2
701,5
701,2
701,4
156,2
156,2
156,4
156,4
156,3
156,2
156,2
156,3
156,2
156,4
156,2
156,5
156,5
156,5
156,2
156,1
156,3
156,4
156,3
156,5
156,3
156,4
156,5
156,2
156,3
156,4
156,3
156,3
156,4
156,3
1232,4
1232,3
1232,2
1232,3
1232,2
1232,3
1232,3
1232,2
1232,3
1232,4
1232,4
1232,5
1232,3
1232,2
1232,4
1232,2
1232,4
1232,2
1232,3
1232,2
1232,4
1232,4
1232,5
1232,5
1232,5
1232,3
1232,4
1232,3
1232,3
1232,3
1234,3
1234,4
1234,3
1234,4
1234,2
1234,3
1234,3
1234,5
1234,3
1234,3
1234,5
1234,3
1234,1
1234,4
1234,5
1234,3
1234,5
1234,5
1234,4
1234,3
1234,4
1234,3
1234,3
1234,3
1234,4
1234,4
1234,5
1234,5
1234,5
1234,3
1235,2
1235,3
1235,5
1235,5
1235,5
1235,4
1235,4
1235,2
1235,5
1235,3
1235,2
1235,5
1235,3
1235,4
1235,3
1235,4
1235,2
1235,4
1235,2
1235,3
1235,4
1235,3
1235,4
1235,4
1235,2
1235,2
1235,2
1235,4
1235,4
1235,4
1781,3
1781,4
1781,4
1781,4
1781,2
1781,2
1781,3
1781,3
1781,4
1781,3
1781,5
1781,3
1781,3
1781,1
1781,3
1781,3
1781,4
1781,2
1781,4
1781,4
1781,2
1781,2
1781,4
1781,5
1781,5
1781,5
1781,3
1781,3
1781,2
1781,4
1244,2
1244,4
1244,4
1244,3
1244,4
1244,5
1244,3
1244,3
1244,4
1244,4
1244,3
1244,5
1244,2
1244,5
1244,3
1244,3
1244,5
1244,5
1244,3
1244,3
1244,4
1244,2
1244,2
1244,2
1244,3
1244,5
1244,3
1244,2
1244,3
1244,3
692,3
692,3
692,2
692,4
692,1
692,3
692,2
692,5
692,3
692,3
692,3
692,3
692,4
692,4
692,5
692,2
692,3
692,3
692,2
692,5
692,5
692,5
692,3
692,4
692,2
692,3
692,3
692,3
692,2
692,3
1785,2
1785,5
1785,4
1785,4
1785,5
1785,5
1785,3
1785,4
1785,5
1785,3
1785,4
1785,4
1785,2
1785,3
1785,2
1785,2
1785,2
1785,3
1785,4
1785,4
1785,3
1785,3
1785,2
1785,2
1785,5
1785,5
1785,2
1785,5
1785,4
1785,2
148,3
148,3
148,1
148,2
148,3
148,3
148,4
148,3
148,4
148,3
148,3
148,5
148,2
148,4
148,3
148,4
148,2
148,3
148,4
148,4
148,2
148,3
148,3
148,4
148,5
148,3
148,4
148,2
148,4
148,2
149,2
149,2
149,4
149,4
149,3
149,2
149,3
149,3
149,4
149,5
149,3
149,3
149,4
149,2
149,5
149,3
149,3
149,3
149,4
149,3
149,4
149,3
149,4
149,3
149,4
149,3
149,3
149,3
149,3
149,3
151,4
151,4
151,1
151,3
151,3
151,2
151,3
151,5
151,2
151,2
151,4
151,4
151,3
151,5
151,3
151,2
151,3
151,3
151,5
151,4
151,4
151,4
151,2
151,4
151,3
151,3
151,4
151,5
151,3
151,3
1255,5
1255,3
1255,4
1255,2
1255,5
1255,4
1255,3
1255,5
1255,3
1255,3
1255,5
1255,4
1255,3
1255,4
1255,3
1255,4
1255,3
1255,4
1255,3
1255,3
1255,4
1255,3
1255,3
1255,2
1255,3
1255,3
1255,5
1255,2
1255,3
1255,3
1728,3
1728,3
1728,4
1728,3
1728,4
1728,2
1728,5
1728,3
1728,4
1728,2
1728,2
1728,3
1728,4
1728,2
1728,3
1728,2
1728,4
1728,4
1728,3
1728,3
1728,4
1728,3
1728,5
1728,3
1728,3
1728,5
1728,5
1728,4
1728,3
1728,3
169,3
169,2
169,4
169,4
169,1
169,2
169,3
169,4
169,3
169,5
169,4
169,3
169,2
169,2
169,3
169,5
169,3
169,4
169,3
169,3
169,3
169,4
169,3
169,3
169,5
169,2
169,3
169,2
169,4
169,3
175,2
175,4
175,3
175,3
175,4
175,3
175,5
175,4
175,1
175,3
175,4
175,5
175,3
175,3
175,4
175,2
175,4
175,4
175,3
175,2
175,2
175,3
175,3
175,5
175,3
175,3
175,4
175,4
175,4
175,3
649,3
649,3
649,3
649,4
649,3
649,4
649,4
649,2
649,2
649,5
649,3
649,4
649,4
649,5
649,3
649,2
649,2
649,3
649,4
649,2
649,3
649,5
649,5
649,2
649,5
649,4
649,4
649,4
649,2
649,3
1732,3
1732,2
1732,3
1732,4
1732,4
1732,2
1732,3
1732,3
1732,3
1732,4
1732,4
1732,5
1732,3
1732,4
1732,3
1732,2
1732,5
1732,3
1732,2
1732,3
1732,4
1732,4
1732,2
1732,2
1732,4
1732,2
1732,5
1732,3
1732,4
1732,3
1250,4
1250,2
1250,4
1250,1
1250,4
1250,3
1250,3
1250,3
1250,2
1250,5
1250,4
1250,5
1250,3
1250,2
1250,5
1250,4
1250,5
1250,2
1250,3
1250,3
1250,2
1250,2
1250,4
1250,5
1250,5
1250,2
1250,2
1250,4
1250,4
1250,2
1263,2
1263,3
1263,2
1263,3
1263,4
1263,3
1263,2
1263,3
1263,5
1263,3
1263,4
1263,5
1263,2
1263,3
1263,5
1263,3
1263,2
1263,5
1263,2
1263,2
1263,4
1263,4
1263,4
1263,3
1263,5
1263,5
1263,4
1263,3
1263,3
1263,5
647,4
647,3
647,4
647,3
647,1
647,4
647,3
647,2
647,3
647,4
647,4
647,2
647,3
647,3
647,5
647,3
647,2
647,4
647,3
647,3
647,3
647,4
647,5
647,3
647,5
647,5
647,5
647,5
647,4
647,3
1738,2
1738,1
1738,3
1738,5
1738,3
1738,3
1738,3
1738,5
1738,3
1738,5
1738,2
1738,5
1738,5
1738,5
1738,3
1738,4
1738,2
1738,4
1738,3
1738,4
1738,3
1738,4
1738,5
1738,5
1738,5
1738,3
1738,3
1738,4
1738,4
1738,3
1258,4
1258,2
1258,2
1258,3
1258,4
1258,4
1258,5
1258,5
1258,1
1258,3
1258,3
1258,3
1258,4
1258,3
1258,3
1258,4
1258,4
1258,4
1258,4
1258,3
1258,2
1258,3
1258,4
1258,4
1258,2
1258,4
1258,5
1258,5
1258,2
1258,2
1257,4
1257,4
1257,4
1257,3
1257,3
1257,3
1257,4
1257,5
1257,4
1257,4
1257,3
1257,3
1257,2
1257,3
1257,3
1257,3
1257,5
1257,4
1257,3
1257,2
1257,4
1257,3
1257,5
1257,4
1257,3
1257,1
1257,4
1257,3
1257,4
1257,4
165,4
165,3
165,2
165,5
165,3
165,3
165,4
165,4
165,5
165,5
165,3
165,4
165,5
165,5
165,2
165,5
165,4
165,3
165,3
165,3
165,4
165,3
165,5
165,5
165,2
165,2
165,3
165,3
165,4
165,4
1750,2
1750,2
1750,3
1750,4
1750,4
1750,5
1750,3
1750,3
1750,5
1750,4
1750,4
1750,2
1750,4
1750,3
1750,3
1750,5
1750,3
1750,3
1750,4
1750,2
1750,2
1750,2
1750,2
1750,5
1750,2
1750,5
1750,5
1750,4
1750,5
1750,4
188,4
188,1
188,4
188,3
188,3
188,3
188,5
188,4
188,3
188,1
188,4
188,3
188,4
188,3
188,4
188,2
188,5
188,4
188,2
188,3
188,2
188,3
188,5
188,1
188,4
188,3
188,5
188,3
188,4
188,4
666,2
666,3
666,3
666,3
666,3
666,3
666,3
666,4
666,5
666,2
666,3
666,5
666,3
666,3
666,4
666,5
666,4
666,3
666,3
666,2
666,4
666,2
666,3
666,4
666,4
666,3
666,3
666,5
666,4
666,3
189,2
189,3
189,3
189,3
189,3
189,4
189,4
189,5
189,3
189,5
189,5
189,1
189,2
189,5
189,2
189,3
189,4
189,4
189,3
189,3
189,2
189,2
189,3
189,3
189,3
189,5
189,2
189,4
189,4
189,3
176,4
176,4
176,2
176,3
176,2
176,3
176,4
176,4
176,2
176,3
176,3
176,3
176,5
176,3
176,5
176,2
176,3
176,3
176,3
176,4
176,4
176,2
176,2
176,4
176,5
176,4
176,4
176,5
176,3
176,2
1276,1
1276,4
1276,4
1276,3
1276,3
1276,4
1276,2
1276,4
1276,2
1276,5
1276,5
1276,3
1276,3
1276,3
1276,4
1276,1
1276,4
1276,5
1276,2
1276,3
1276,4
1276,2
1276,3
1276,3
1276,2
1276,5
1276,4
1276,4
1276,3
1276,2
656,3
656,3
656,3
656,3
656,5
656,3
656,2
656,4
656,5
656,3
656,1
656,4
656,5
656,5
656,3
656,4
656,3
656,2
656,5
656,5
656,4
656,3
656,3
656,4
656,3
656,2
656,2
656,4
656,2
656,3
183,5
183,3
183,1
183,3
183,4
183,1
183,5
183,5
183,3
183,5
183,3
183,2
183,2
183,5
183,4
183,3
183,2
183,4
183,3
183,2
183,3
183,4
183,5
183,3
183,5
183,3
183,3
183,3
183,3
183,2
1758,4
1758,2
1758,4
1758,2
1758,3
1758,5
1758,2
1758,3
1758,4
1758,4
1758,3
1758,2
1758,3
1758,5
1758,5
1758,5
1758,3
1758,2
1758,3
1758,3
1758,2
1758,3
1758,3
1758,4
1758,3
1758,3
1758,2
1758,3
1758,5
1758,3
180,1
180,3
180,2
180,3
180,2
180,5
180,5
180,5
180,3
180,2
180,3
180,4
180,2
180,4
180,5
180,4
180,3
180,3
180,3
180,3
180,3
180,2
180,3
180,5
180,4
180,1
180,5
180,5
180,3
180,3
1759,3
1759,3
1759,3
1759,4
1759,2
1759,3
1759,2
1759,4
1759,3
1759,4
1759,5
1759,2
1759,5
1759,5
1759,3
1759,3
1759,2
1759,5
1759,3
1759,4
1759,3
1759,3
1759,5
1759,1
1759,5
1759,3
1759,4
1759,3
1759,3
1759,3
181,4
181,4
181,3
181,1
181,3
181,4
181,3
181,4
181,3
181,3
181,5
181,2
181,5
181,5
181,3
181,4
181,3
181,4
181,4
181,2
181,3
181,5
181,5
181,4
181,3
181,2
181,3
181,3
181,3
181,4
746,1
746,2
746,4
746,4
746,2
746,3
746,5
746,3
746,3
746,2
746,3
746,4
746,4
746,2
746,3
746,2
746,3
746,4
746,4
746,2
746,3
746,4
746,5
746,3
746,4
746,4
746,2
746,5
746,4
746,4
745,5
745,3
745,4
745,3
745,3
745,2
745,5
745,3
745,3
745,3
745,4
745,4
745,2
745,3
745,3
745,4
745,5
745,3
745,2
745,3
745,2
745,2
745,4
745,2
745,4
745,3
745,5
745,5
745,1
745,4
207,4
207,3
207,3
207,3
207,4
207,5
207,4
207,5
207,4
207,5
207,4
207,3
207,2
207,2
207,4
207,4
207,2
207,5
207,3
207,3
207,4
207,3
207,3
207,3
207,4
207,5
207,3
207,4
207,2
207,3
1154,5
1154,2
1154,4
1154,3
1154,1
1154,3
1154,3
1154,5
1154,3
1154,3
1154,2
1154,4
1154,5
1154,3
1154,5
1154,3
1154,5
1154,2
1154,3
1154,3
1154,3
1154,2
1154,3
1154,5
1154,3
1154,3
1154,3
1154,5
1154,4
1154,4
751,3
751,3
751,2
751,3
751,3
751,4
751,1
751,3
751,5
751,5
751,2
751,3
751,1
751,5
751,3
751,3
751,2
751,3
751,3
751,2
751,3
751,3
751,3
751,4
751,3
751,5
751,3
751,5
751,3
751,4
1159,3
1159,3
1159,3
1159,4
1159,3
1159,3
1159,2
1159,4
1159,4
1159,1
1159,5
1159,5
1159,5
1159,4
1159,5
1159,4
1159,4
1159,4
1159,3
1159,3
1159,4
1159,2
1159,4
1159,5
1159,3
1159,4
1159,3
1159,5
1159,3
1159,3
1158,3
1158,4
1158,4
1158,4
1158,3
1158,1
1158,4
1158,5
1158,3
1158,5
1158,1
1158,5
1158,2
1158,3
1158,5
1158,3
1158,4
1158,3
1158,4
1158,3
1158,3
1158,4
1158,3
1158,2
1158,3
1158,3
1158,5
1158,3
1158,3
1158,3
748,2
748,2
748,1
748,4
748,3
748,1
748,3
748,2
748,4
748,3
748,2
748,4
748,4
748,3
748,2
748,3
748,1
748,4
748,5
748,3
748,2
748,2
748,2
748,5
748,2
748,5
748,3
748,2
748,4
748,3
739,2
739,3
739,4
739,4
739,3
739,3
739,4
739,5
739,4
739,3
739,3
739,1
739,4
739,3
739,5
739,3
739,4
739,4
739,3
739,5
739,2
739,3
739,3
739,2
739,3
739,3
739,4
739,2
739,5
739,3
196,2
196,3
196,2
196,3
196,3
196,3
196,3
196,4
196,2
196,3
196,4
196,4
196,5
196,3
196,1
196,3
196,2
196,3
196,4
196,3
196,2
196,4
196,2
196,2
196,3
196,3
196,3
196,3
196,5
196,3
1709,5
1709,3
1709,2
1709,3
1709,3
1709,3
1709,2
1709,5
1709,2
1709,2
1709,2
1709,2
1709,3
1709,1
1709,2
1709,3
1709,3
1709,3
1709,3
1709,3
1709,3
1709,2
1709,2
1709,3
1709,2
1709,4
1709,3
1709,5
1709,3
1709,2
1163,4
1163,3
1163,4
1163,4
1163,3
1163,4
1163,4
1163,5
1163,5
1163,1
1163,3
1163,2
1163,3
1163,2
1163,3
1163,4
1163,2
1163,3
1163,3
1163,3
1163,4
1163,3
1163,4
1163,3
1163,3
1163,5
1163,3
1163,4
1163,4
1163,2
1708,4
1708,3
1708,4
1708,3
1708,4
1708,4
1708,3
1708,3
1708,3
1708,3
1708,3
1708,4
1708,4
1708,2
1708,5
1708,5
1708,2
1708,3
1708,5
1708,4
1708,2
1708,2
1708,3
1708,3
1708,3
1708,2
1708,5
1708,3
1708,4
1708,3
1162,4
1162,4
1162,1
1162,3
1162,5
1162,3
1162,3
1162,4
1162,4
1162,3
1162,2
1162,4
1162,1
1162,3
1162,4
1162,2
1162,4
1162,4
1162,3
1162,4
1162,5
1162,3
1162,3
1162,2
1162,3
1162,4
1162,5
1162,5
1162,2
1162,4
1165,4
1165,1
1165,4
1165,4
1165,3
1165,3
1165,4
1165,3
1165,4
1165,4
1165,3
1165,5
1165,4
1165,3
1165,5
1165,3
1165,3
1165,4
1165,3
1165,3
1165,3
1165,4
1165,2
1165,2
1165,5
1165,5
1165,3
1165,3
1165,5
1165,3
1718,3
1718,5
1718,4
1718,4
1718,4
1718,3
1718,3
1718,3
1718,3
1718,3
1718,4
1718,3
1718,4
1718,1
1718,3
1718,4
1718,3
1718,2
1718,2
1718,4
1718,3
1718,2
1718,4
1718,3
1718,1
1718,3
1718,5
1718,5
1718,3
1718,4
1716,3
1716,3
1716,4
1716,3
1716,2
1716,3
1716,3
1716,4
1716,5
1716,3
1716,3
1716,1
1716,3
1716,5
1716,5
1716,4
1716,5
1716,3
1716,3
1716,3
1716,5
1716,4
1716,1
1716,2
1716,5
1716,3
1716,2
1716,4
1716,3
1716,4
1714,3
1714,3
1714,4
1714,3
1714,3
1714,5
1714,5
1714,3
1714,4
1714,2
1714,2
1714,3
1714,3
1714,3
1714,4
1714,2
1714,2
1714,3
1714,3
1714,4
1714,5
1714,3
1714,5
1714,5
1714,3
1714,3
1714,3
1714,4
1714,3
1714,3
1712,4
1712,3
1712,1
1712,3
1712,1
1712,4
1712,3
1712,3
1712,5
1712,5
1712,5
1712,4
1712,3
1712,4
1712,2
1712,3
1712,5
1712,5
1712,4
1712,3
1712,4
1712,3
1712,2
1712,3
1712,4
1712,4
1712,5
1712,3
1712,3
1712,3
1724,4
1724,4
1724,2
1724,3
1724,3
1724,4
1724,5
1724,3
1724,3
1724,3
1724,4
1724,4
1724,5
1724,4
1724,1
1724,3
1724,5
1724,5
1724,5
1724,5
1724,2
1724,4
1724,2
1724,3
1724,5
1724,2
1724,4
1724,5
1724,2
1724,3
1722,4
1722,1
1722,4
1722,2
1722,4
1722,3
1722,4
1722,3
1722,3
1722,3
1722,2
1722,4
1722,5
1722,5
1722,5
1722,5
1722,1
1722,5
1722,5
1722,3
1722,4
1722,3
1722,5
1722,5
1722,4
1722,3
1722,5
1722,5
1722,4
1722,2
1180,3
1180,1
1180,4
1180,3
1180,3
1180,3
1180,5
1180,5
1180,3
1180,4
1180,5
1180,5
1180,5
1180,3
1180,3
1180,1
1180,2
1180,2
1180,4
1180,2
1180,2
1180,3
1180,5
1180,3
1180,4
1180,2
1180,5
1180,5
1180,5
1180,4
210,2
210,3
210,3
210,3
210,3
210,2
210,3
210,3
210,3
210,5
210,5
210,2
210,3
210,4
210,4
210,2
210,1
210,5
210,4
210,2
210,2
210,3
210,3
210,4
210,4
210,5
210,2
210,3
210,4
210,3
239,2
239,4
239,2
239,3
239,3
239,4
239,4
239,3
239,3
239,3
239,3
239,5
239,3
239,3
239,2
239,2
239,3
239,2
239,3
239,5
239,3
239,3
239,4
239,2
239,2
239,2
239,4
239,3
239,3
239,2
712,4
712,2
712,3
712,2
712,3
712,3
712,4
712,5
712,3
712,3
712,3
712,3
712,5
712,5
712,2
712,2
712,3
712,4
712,3
712,3
712,2
712,3
712,3
712,2
712,5
712,3
712,3
712,4
712,4
712,3
1186,3
1186,4
1186,2
1186,2
1186,3
1186,3
1186,3
1186,4
1186,5
1186,3
1186,3
1186,4
1186,3
1186,3
1186,2
1186,4
1186,3
1186,4
1186,5
1186,4
1186,4
1186,3
1186,4
1186,4
1186,4
1186,5
1186,5
1186,2
1186,2
1186,2
1184,4
1184,2
1184,3
1184,3
1184,4
1184,3
1184,4
1184,3
1184,3
1184,3
1184,5
1184,3
1184,4
1184,2
1184,3
1184,2
1184,2
1184,3
1184,3
1184,3
1184,3
1184,2
1184,4
1184,3
1184,4
1184,5
1184,5
1184,3
1184,5
1184,4
235,3
235,3
235,3
235,4
235,4
235,3
235,4
235,5
235,5
235,5
235,4
235,4
235,4
235,3
235,4
235,3
235,5
235,2
235,4
235,5
235,3
235,2
235,4
235,3
235,5
235,2
235,4
235,2
235,3
235,2
1665,4
1665,4
1665,3
1665,4
1665,4
1665,2
1665,2
1665,3
1665,5
1665,4
1665,3
1665,4
1665,3
1665,5
1665,1
1665,1
1665,5
1665,3
1665,3
1665,4
1665,5
1665,4
1665,2
1665,5
1665,4
1665,3
1665,2
1665,4
1665,4
1665,4
717,5
717,3
717,2
717,2
717,5
717,3
717,4
717,5
717,4
717,5
717,4
717,5
717,3
717,3
717,4
717,4
717,3
717,3
717,3
717,4
717,4
717,3
717,3
717,4
717,5
717,5
717,5
717,4
717,4
717,3
1191,3
1191,4
1191,1
1191,2
1191,5
1191,3
1191,3
1191,2
1191,2
1191,5
1191,5
1191,3
1191,5
1191,2
1191,2
1191,3
1191,4
1191,5
1191,2
1191,2
1191,4
1191,2
1191,3
1191,5
1191,4
1191,5
1191,4
1191,3
1191,4
1191,4
1664,1
1664,3
1664,4
1664,3
1664,3
1664,4
1664,3
1664,3
1664,4
1664,3
1664,5
1664,3
1664,4
1664,3
1664,3
1664,3
1664,3
1664,5
1664,2
1664,5
1664,4
1664,2
1664,2
1664,5
1664,3
1664,5
1664,4
1664,3
1664,2
1664,2
1667,3
1667,3
1667,3
1667,2
1667,4
1667,3
1667,5
1667,2
1667,4
1667,2
1667,3
1667,4
1667,3
1667,3
1667,3
1667,3
1667,1
1667,2
1667,3
1667,3
1667,3
1667,5
1667,3
1667,1
1667,5
1667,3
1667,3
1667,3
1667,3
1667,3
233,3
233,2
233,4
233,3
233,3
233,5
233,5
233,5
233,3
233,5
233,1
233,5
233,4
233,3
233,3
233,3
233,4
233,2
233,3
233,3
233,2
233,3
233,4
233,3
233,4
233,4
233,4
233,2
233,5
233,3
1677,4
1677,1
1677,4
1677,3
1677,3
1677,5
1677,3
1677,4
1677,2
1677,3
1677,4
1677,2
1677,3
1677,1
1677,4
1677,4
1677,2
1677,3
1677,3
1677,5
1677,4
1677,2
1677,3
1677,4
1677,3
1677,4
1677,5
1677,5
1677,2
1677,3
705,4
705,1
705,4
705,2
705,5
705,5
705,3
705,4
705,5
705,5
705,3
705,1
705,2
705,3
705,3
705,3
705,1
705,2
705,5
705,4
705,4
705,2
705,5
705,3
705,3
705,4
705,4
705,5
705,4
705,3
1676,5
1676,3
1676,4
1676,3
1676,4
1676,4
1676,5
1676,3
1676,3
1676,4
1676,2
1676,2
1676,4
1676,3
1676,4
1676,3
1676,3
1676,3
1676,2
1676,3
1676,4
1676,3
1676,3
1676,4
1676,4
1676,5
1676,5
1676,2
1676,3
1676,3
706,4
706,5
706,1
706,3
706,3
706,3
706,2
706,3
706,4
706,2
706,2
706,5
706,5
706,3
706,3
706,4
706,4
706,2
706,5
706,3
706,3
706,2
706,2
706,3
706,1
706,5
706,3
706,4
706,4
706,3
708,3
708,3
708,3
708,3
708,5
708,3
708,4
708,3
708,3
708,4
708,3
708,4
708,5
708,3
708,4
708,3
708,4
708,4
708,5
708,2
708,2
708,3
708,4
708,3
708,2
708,3
708,2
708,3
708,3
708,2
1196,3
1196,2
1196,4
1196,4
1196,3
1196,5
1196,3
1196,3
1196,3
1196,2
1196,5
1196,4
1196,3
1196,3
1196,2
1196,4
1196,1
1196,2
1196,4
1196,3
1196,4
1196,2
1196,4
1196,3
1196,4
1196,1
1196,5
1196,2
1196,5
1196,4
254,1
254,3
254,3
254,3
254,2
254,3
254,3
254,3
254,2
254,3
254,4
254,2
254,3
254,4
254,2
254,2
254,4
254,5
254,5
254,5
254,4
254,2
254,3
254,2
254,5
254,3
254,4
254,5
254,2
254,3
1686,5
1686,3
1686,4
1686,3
1686,5
1686,3
1686,5
1686,2
1686,3
1686,3
1686,3
1686,3
1686,3
1686,2
1686,4
1686,4
1686,3
1686,2
1686,3
1686,3
1686,5
1686,2
1686,4
1686,3
1686,2
1686,5
1686,5
1686,3
1686,4
1686,3
733,4
733,3
733,3
733,2
733,3
733,4
733,2
733,3
733,1
733,3
733,3
733,2
733,4
733,5
733,3
733,1
733,5
733,4
733,3
733,2
733,3
733,2
733,3
733,1
733,2
733,3
733,5
733,2
733,4
733,3
1207,5
1207,2
1207,3
1207,2
1207,5
1207,3
1207,5
1207,5
1207,3
1207,3
1207,4
1207,2
1207,3
1207,4
1207,5
1207,5
1207,1
1207,5
1207,3
1207,3
1207,3
1207,4
1207,3
1207,2
1207,3
1207,5
1207,5
1207,4
1207,2
1207,5
251,1
251,4
251,4
251,3
251,1
251,3
251,5
251,3
251,3
251,2
251,3
251,4
251,2
251,5
251,5
251,5
251,4
251,4
251,3
251,3
251,3
251,2
251,4
251,1
251,4
251,2
251,3
251,5
251,2
251,2
734,4
734,1
734,3
734,3
734,4
734,3
734,2
734,3
734,3
734,4
734,5
734,4
734,5
734,3
734,4
734,5
734,3
734,3
734,2
734,3
734,2
734,3
734,2
734,3
734,3
734,5
734,5
734,3
734,3
734,4
721,3
721,2
721,3
721,3
721,3
721,4
721,5
721,5
721,3
721,5
721,3
721,3
721,3
721,2
721,3
721,3
721,5
721,3
721,3
721,4
721,2
721,2
721,3
721,3
721,4
721,3
721,5
721,5
721,5
721,4
1214,3
1214,4
1214,2
1214,3
1214,4
1214,5
1214,3
1214,3
1214,4
1214,5
1214,3
1214,3
1214,3
1214,3
1214,4
1214,3
1214,4
1214,2
1214,5
1214,4
1214,4
1214,3
1214,3
1214,2
1214,3
1214,3
1214,4
1214,4
1214,2
1214,3
1689,2
1689,3
1689,4
1689,4
1689,4
1689,3
1689,5
1689,2
1689,4
1689,5
1689,4
1689,1
1689,3
1689,3
1689,5
1689,2
1689,5
1689,2
1689,3
1689,2
1689,3
1689,2
1689,4
1689,3
1689,3
1689,2
1689,5
1689,5
1689,3
1689,3
240,1
240,3
240,3
240,2
240,4
240,3
240,5
240,3
240,5
240,3
240,5
240,3
240,3
240,1
240,3
240,3
240,3
240,4
240,2
240,3
240,2
240,3
240,5
240,2
240,4
240,5
240,3
240,3
240,3
240,3
1213,4
1213,2
1213,3
1213,3
1213,4
1213,4
1213,3
1213,2
1213,4
1213,2
1213,1
1213,2
1213,3
1213,3
1213,5
1213,3
1213,4
1213,2
1213,4
1213,4
1213,4
1213,2
1213,3
1213,5
1213,4
1213,5
1213,3
1213,5
1213,3
1213,4
1691,3
1691,4
1691,3
1691,3
1691,2
1691,3
1691,5
1691,3
1691,4
1691,5
1691,3
1691,5
1691,3
1691,2
1691,2
1691,3
1691,5
1691,3
1691,3
1691,3
1691,4
1691,2
1691,4
1691,2
1691,3
1691,5
1691,3
1691,5
1691,3
1691,5
275,4
275,2
275,3
275,1
275,4
275,5
275,3
275,4
275,4
275,3
275,4
275,3
275,5
275,3
275,3
275,5
275,3
275,3
275,5
275,3
275,2
275,4
275,5
275,2
275,5
275,3
275,3
275,4
275,3
275,3
820,4
820,2
820,2
820,3
820,4
820,4
820,4
820,3
820,3
820,3
820,3
820,3
820,2
820,5
820,5
820,2
820,4
820,3
820,2
820,5
820,1
820,4
820,3
820,5
820,3
820,3
820,2
820,5
820,3
820,5
1373,5
1373,3
1373,4
1373,3
1373,3
1373,4
1373,3
1373,3
1373,5
1373,3
1373,2
1373,4
1373,3
1373,3
1373,4
1373,4
1373,3
1373,4
1373,3
1373,2
1373,2
1373,2
1373,5
1373,2
1373,3
1373,4
1373,3
1373,2
1373,3
1373,4
1372,2
1372,4
1372,4
1372,3
1372,3
1372,3
1372,3
1372,5
1372,5
1372,4
1372,1
1372,3
1372,3
1372,2
1372,2
1372,5
1372,4
1372,4
1372,3
1372,4
1372,2
1372,3
1372,3
1372,3
1372,2
1372,5
1372,3
1372,4
1372,3
1372,3
279,3
279,2
279,3
279,4
279,3
279,3
279,3
279,4
279,3
279,4
279,4
279,3
279,5
279,2
279,3
279,3
279,3
279,2
279,4
279,3
279,3
279,3
279,3
279,5
279,3
279,3
279,4
279,5
279,4
279,3
817,4
817,3
817,4
817,3
817,2
817,5
817,3
817,3
817,4
817,2
817,3
817,5
817,1
817,5
817,4
817,4
817,5
817,3
817,4
817,3
817,3
817,5
817,3
817,3
817,4
817,3
817,4
817,4
817,4
817,3
829,4
829,5
829,3
829,3
829,4
829,5
829,4
829,2
829,4
829,5
829,4
829,2
829,4
829,3
829,5
829,5
829,2
829,3
829,3
829,4
829,3
829,4
829,4
829,2
829,4
829,2
829,5
829,3
829,5
829,3
280,4
280,4
280,1
280,3
280,4
280,4
280,3
280,3
280,5
280,3
280,2
280,3
280,3
280,4
280,4
280,2
280,4
280,3
280,3
280,2
280,3
280,3
280,5
280,2
280,3
280,5
280,2
280,3
280,4
280,2
1362,4
1362,4
1362,3
1362,1
1362,3
1362,2
1362,2
1362,3
1362,3
1362,3
1362,3
1362,3
1362,3
1362,3
1362,1
1362,3
1362,5
1362,4
1362,4
1362,2
1362,4
1362,3
1362,4
1362,4
1362,3
1362,5
1362,3
1362,5
1362,3
1362,3
286,4
286,3
286,3
286,3
286,4
286,3
286,2
286,3
286,4
286,2
286,1
286,3
286,4
286,2
286,3
286,5
286,4
286,3
286,3
286,5
286,4
286,3
286,5
286,3
286,4
286,4
286,2
286,3
286,4
286,4
824,2
824,3
824,4
824,4
824,3
824,2
824,5
824,3
824,4
824,5
824,5
824,5
824,4
824,2
824,2
824,4
824,3
824,3
824,4
824,3
824,2
824,3
824,5
824,4
824,3
824,5
824,5
824,4
824,3
824,3
258,3
258,1
258,3
258,4
258,1
258,2
258,3
258,4
258,3
258,5
258,3
258,4
258,5
258,4
258,4
258,3
258,1
258,3
258,3
258,2
258,5
258,3
258,3
258,2
258,2
258,3
258,5
258,3
258,1
258,3
1359,3
1359,4
1359,3
1359,5
1359,3
1359,3
1359,3
1359,3
1359,3
1359,3
1359,5
1359,3
1359,3
1359,5
1359,5
1359,3
1359,2
1359,3
1359,2
1359,3
1359,3
1359,5
1359,3
1359,3
1359,5
1359,3
1359,3
1359,3
1359,3
1359,2
1354,4
1354,3
1354,4
1354,4
1354,1
1354,3
1354,3
1354,3
1354,5
1354,3
1354,4
1354,3
1354,2
1354,3
1354,5
1354,4
1354,5
1354,5
1354,2
1354,3
1354,3
1354,2
1354,3
1354,4
1354,5
1354,5
1354,5
1354,4
1354,3
1354,3
1353,3
1353,5
1353,2
1353,3
1353,4
1353,1
1353,3
1353,4
1353,3
1353,3
1353,4
1353,2
1353,5
1353,3
1353,5
1353,3
1353,3
1353,3
1353,3
1353,5
1353,3
1353,5
1353,3
1353,2
1353,3
1353,4
1353,5
1353,5
1353,2
1353,4
1351,3
1351,3
1351,3
1351,4
1351,3
1351,4
1351,5
1351,3
1351,4
1351,3
1351,4
1351,3
1351,3
1351,5
1351,3
1351,3
1351,3
1351,3
1351,5
1351,5
1351,3
1351,3
1351,2
1351,4
1351,5
1351,5
1351,2
1351,4
1351,4
1351,3
265,3
265,3
265,2
265,4
265,3
265,4
265,3
265,3
265,3
265,3
265,3
265,5
265,5
265,3
265,3
265,4
265,2
265,3
265,5
265,3
265,4
265,2
265,2
265,3
265,3
265,2
265,3
265,3
265,3
265,3
304,2
304,4
304,3
304,4
304,3
304,4
304,5
304,3
304,4
304,4
304,5
304,3
304,3
304,3
304,4
304,3
304,3
304,2
304,4
304,2
304,5
304,2
304,5
304,3
304,4
304,5
304,2
304,3
304,4
304,3
307,4
307,2
307,2
307,4
307,3
307,3
307,3
307,5
307,5
307,3
307,2
307,4
307,5
307,4
307,3
307,4
307,3
307,5
307,3
307,3
307,4
307,3
307,2
307,5
307,5
307,5
307,3
307,5
307,2
307,2
1406,4
1406,2
1406,3
1406,3
1406,3
1406,3
1406,2
1406,3
1406,3
1406,3
1406,4
1406,1
1406,3
1406,3
1406,5
1406,5
1406,3
1406,2
1406,3
1406,2
1406,3
1406,3
1406,5
1406,2
1406,5
1406,3
1406,3
1406,2
1406,3
1406,4
309,2
309,5
309,5
309,5
309,1
309,4
309,2
309,4
309,3
309,5
309,5
309,5
309,3
309,2
309,3
309,3
309,3
309,3
309,3
309,3
309,2
309,3
309,5
309,5
309,5
309,3
309,4
309,2
309,3
309,3
1400,2
1400,4
1400,3
1400,3
1400,1
1400,3
1400,4
1400,4
1400,4
1400,2
1400,3
1400,3
1400,2
1400,3
1400,4
1400,3
1400,4
1400,3
1400,2
1400,3
1400,4
1400,3
1400,4
1400,5
1400,3
1400,3
1400,3
1400,4
1400,4
1400,4
315,3
315,3
315,2
315,3
315,3
315,3
315,2
315,3
315,5
315,5
315,5
315,2
315,3
315,5
315,5
315,4
315,3
315,3
315,3
315,5
315,5
315,4
315,3
315,4
315,5
315,3
315,4
315,4
315,4
315,3
1398,3
1398,2
1398,3
1398,3
1398,5
1398,4
1398,3
1398,4
1398,4
1398,3
1398,5
1398,5
1398,4
1398,5
1398,3
1398,2
1398,4
1398,2
1398,3
1398,3
1398,3
1398,3
1398,2
1398,4
1398,3
1398,5
1398,1
1398,2
1398,2
1398,4
314,2
314,4
314,3
314,4
314,3
314,2
314,2
314,3
314,3
314,1
314,3
314,5
314,2
314,3
314,3
314,3
314,3
314,2
314,3
314,2
314,3
314,3
314,5
314,5
314,3
314,2
314,2
314,5
314,3
314,3
794,3
794,3
794,3
794,2
794,4
794,5
794,3
794,5
794,3
794,2
794,3
794,2
794,5
794,1
794,2
794,5
794,5
794,5
794,4
794,3
794,4
794,2
794,3
794,2
794,5
794,2
794,3
794,5
794,4
794,2
1395,1
1395,4
1395,2
1395,2
1395,3
1395,3
1395,5
1395,5
1395,4
1395,4
1395,3
1395,3
1395,4
1395,4
1395,5
1395,3
1395,4
1395,4
1395,4
1395,2
1395,3
1395,3
1395,3
1395,3
1395,4
1395,3
1395,2
1395,3
1395,2
1395,3
318,4
318,4
318,3
318,1
318,3
318,3
318,3
318,4
318,4
318,3
318,3
318,5
318,3
318,3
318,1
318,5
318,4
318,2
318,4
318,2
318,4
318,4
318,3
318,3
318,2
318,3
318,3
318,2
318,5
318,4
774,5
774,4
774,4
774,3
774,2
774,4
774,5
774,4
774,4
774,4
774,2
774,4
774,3
774,5
774,5
774,4
774,1
774,3
774,2
774,3
774,3
774,2
774,3
774,4
774,2
774,5
774,3
774,5
774,3
774,3
1389,3
1389,3
1389,3
1389,4
1389,4
1389,4
1389,4
1389,2
1389,5
1389,1
1389,5
1389,2
1389,4
1389,4
1389,3
1389,3
1389,3
1389,4
1389,2
1389,4
1389,2
1389,3
1389,3
1389,2
1389,3
1389,3
1389,4
1389,5
1389,3
1389,3
292,3
292,4
292,3
292,3
292,3
292,5
292,2
292,4
292,3
292,5
292,3
292,4
292,1
292,3
292,3
292,3
292,2
292,5
292,4
292,3
292,2
292,2
292,5
292,2
292,4
292,5
292,3
292,4
292,3
292,3
769,4
769,2
769,4
769,3
769,3
769,3
769,3
769,5
769,4
769,4
769,3
769,4
769,5
769,3
769,5
769,2
769,2
769,5
769,3
769,4
769,3
769,4
769,5
769,2
769,5
769,5
769,4
769,4
769,3
769,2
1387,4
1387,4
1387,2
1387,2
1387,3
1387,3
1387,3
1387,5
1387,4
1387,2
1387,3
1387,1
1387,3
1387,3
1387,2
1387,3
1387,1
1387,2
1387,2
1387,3
1387,3
1387,3
1387,3
1387,3
1387,3
1387,5
1387,5
1387,5
1387,5
1387,4
296,2
296,3
296,4
296,2
296,3
296,4
296,3
296,3
296,4
296,3
296,5
296,3
296,2
296,2
296,4
296,4
296,4
296,3
296,3
296,3
296,3
296,4
296,3
296,3
296,3
296,3
296,5
296,4
296,4
296,3
1382,2
1382,3
1382,3
1382,3
1382,3
1382,2
1382,3
1382,5
1382,3
1382,3
1382,3
1382,3
1382,5
1382,3
1382,5
1382,3
1382,3
1382,4
1382,2
1382,2
1382,5
1382,3
1382,2
1382,4
1382,3
1382,3
1382,4
1382,5
1382,3
1382,3
298,2
298,3
298,4
298,3
298,3
298,3
298,1
298,5
298,3
298,3
298,3
298,2
298,5
298,5
298,5
298,5
298,2
298,3
298,3
298,3
298,3
298,4
298,3
298,4
298,2
298,4
298,4
298,4
298,3
298,3
300,1
300,1
300,3
300,4
300,5
300,3
300,4
300,4
300,5
300,1
300,3
300,5
300,2
300,3
300,4
300,5
300,4
300,2
300,3
300,2
300,3
300,4
300,2
300,5
300,3
300,5
300,3
300,5
300,4
300,3
1376,4
1376,5
1376,3
1376,3
1376,3
1376,4
1376,4
1376,4
1376,2
1376,3
1376,3
1376,4
1376,3
1376,3
1376,3
1376,5
1376,3
1376,4
1376,5
1376,5
1376,4
1376,4
1376,3
1376,3
1376,4
1376,4
1376,5
1376,3
1376,3
1376,4
779,2
779,1
779,2
779,3
779,3
779,2
779,1
779,3
779,3
779,4
779,2
779,3
779,4
779,2
779,3
779,4
779,3
779,3
779,4
779,2
779,3
779,3
779,5
779,4
779,4
779,5
779,5
779,3
779,4
779,3
301,2
301,2
301,4
301,4
301,3
301,3
301,3
301,3
301,3
301,4
301,3
301,2
301,3
301,5
301,3
301,4
301,2
301,3
301,3
301,3
301,3
301,5
301,2
301,2
301,4
301,1
301,5
301,2
301,3
301,3
1307,3
1307,3
1307,2
1307,2
1307,3
1307,5
1307,3
1307,5
1307,5
1307,4
1307,4
1307,3
1307,5
1307,1
1307,4
1307,3
1307,3
1307,1
1307,5
1307,2
1307,3
1307,3
1307,4
1307,4
1307,3
1307,2
1307,3
1307,4
1307,5
1307,3
343,4
343,3
343,2
343,4
343,5
343,3
343,3
343,3
343,3
343,4
343,2
343,3
343,5
343,4
343,3
343,4
343,5
343,5
343,5
343,3
343,3
343,3
343,2
343,4
343,4
343,3
343,1
343,4
343,3
343,2
1306,4
1306,4
1306,3
1306,4
1306,3
1306,3
1306,5
1306,3
1306,3
1306,2
1306,3
1306,4
1306,2
1306,2
1306,2
1306,5
1306,5
1306,4
1306,2
1306,3
1306,3
1306,3
1306,3
1306,3
1306,3
1306,2
1306,3
1306,3
1306,5
1306,4
341,1
341,2
341,2
341,3
341,2
341,2
341,3
341,5
341,3
341,3
341,4
341,4
341,2
341,3
341,1
341,3
341,2
341,4
341,2
341,3
341,3
341,2
341,3
341,5
341,5
341,4
341,3
341,2
341,5
341,5
337,4
337,5
337,3
337,1
337,4
337,3
337,3
337,3
337,3
337,3
337,3
337,3
337,4
337,3
337,4
337,1
337,3
337,5
337,3
337,4
337,4
337,4
337,4
337,2
337,5
337,5
337,5
337,3
337,3
337,4
351,2
351,2
351,3
351,3
351,3
351,5
351,3
351,4
351,5
351,5
351,1
351,5
351,5
351,2
351,4
351,3
351,2
351,4
351,3
351,4
351,2
351,3
351,3
351,5
351,3
351,1
351,4
351,2
351,3
351,2
891,3
891,4
891,3
891,4
891,3
891,5
891,3
891,4
891,3
891,2
891,5
891,3
891,5
891,3
891,3
891,4
891,5
891,3
891,2
891,4
891,3
891,2
891,4
891,2
891,3
891,5
891,5
891,3
891,5
891,4
1303,4
1303,3
1303,1
1303,4
1303,3
1303,3
1303,2
1303,3
1303,5
1303,4
1303,4
1303,2
1303,5
1303,5
1303,4
1303,5
1303,3
1303,2
1303,2
1303,2
1303,5
1303,2
1303,3
1303,3
1303,3
1303,4
1303,5
1303,4
1303,5
1303,2
345,4
345,3
345,2
345,3
345,4
345,3
345,3
345,4
345,3
345,3
345,5
345,3
345,1
345,4
345,2
345,5
345,4
345,4
345,3
345,2
345,5
345,4
345,4
345,4
345,1
345,5
345,3
345,3
345,3
345,4
1300,4
1300,1
1300,2
1300,2
1300,1
1300,3
1300,2
1300,3
1300,2
1300,5
1300,3
1300,5
1300,5
1300,3
1300,4
1300,2
1300,5
1300,4
1300,4
1300,3
1300,3
1300,3
1300,4
1300,5
1300,5
1300,3
1300,4
1300,3
1300,3
1300,3
327,3
327,3
327,3
327,4
327,3
327,1
327,3
327,2
327,4
327,3
327,3
327,1
327,3
327,3
327,4
327,4
327,3
327,5
327,3
327,4
327,3
327,4
327,4
327,2
327,2
327,3
327,3
327,5
327,4
327,3
1294,4
1294,3
1294,2
1294,4
1294,3
1294,3
1294,3
1294,5
1294,3
1294,4
1294,4
1294,5
1294,3
1294,5
1294,4
1294,2
1294,3
1294,2
1294,3
1294,2
1294,3
1294,3
1294,3
1294,3
1294,2
1294,4
1294,3
1294,5
1294,4
1294,3
1282,2
1282,4
1282,3
1282,4
1282,4
1282,2
1282,3
1282,2
1282,3
1282,5
1282,2
1282,5
1282,5
1282,3
1282,4
1282,2
1282,5
1282,5
1282,4
1282,4
1282,4
1282,3
1282,3
1282,2
1282,5
1282,3
1282,4
1282,4
1282,3
1282,3
334,4
334,3
334,4
334,3
334,3
334,2
334,3
334,3
334,3
334,4
334,3
334,3
334,3
334,3
334,3
334,5
334,3
334,2
334,5
334,3
334,5
334,5
334,5
334,2
334,3
334,3
334,2
334,4
334,3
334,3
1283,4
1283,2
1283,3
1283,3
1283,3
1283,3
1283,2
1283,2
1283,5
1283,3
1283,4
1283,4
1283,3
1283,3
1283,2
1283,4
1283,5
1283,2
1283,2
1283,4
1283,2
1283,3
1283,2
1283,4
1283,5
1283,3
1283,3
1283,5
1283,2
1283,3
333,4
333,2
333,4
333,3
333,3
333,3
333,3
333,5
333,4
333,2
333,3
333,3
333,1
333,2
333,4
333,5
333,4
333,3
333,4
333,5
333,3
333,4
333,2
333,3
333,5
333,3
333,3
333,4
333,3
333,2
331,3
331,2
331,3
331,3
331,4
331,3
331,3
331,2
331,2
331,3
331,5
331,3
331,3
331,2
331,3
331,4
331,3
331,4
331,3
331,3
331,3
331,3
331,4
331,3
331,2
331,3
331,3
331,4
331,3
331,3
877,4
877,3
877,1
877,3
877,3
877,3
877,4
877,5
877,3
877,5
877,5
877,4
877,4
877,3
877,3
877,4
877,5
877,2
877,5
877,5
877,3
877,5
877,4
877,3
877,4
877,3
877,4
877,5
877,3
877,4
1338,4
1338,3
1338,2
1338,3
1338,3
1338,2
1338,4
1338,4
1338,2
1338,3
1338,2
1338,3
1338,4
1338,5
1338,3
1338,3
1338,2
1338,2
1338,2
1338,5
1338,5
1338,5
1338,4
1338,4
1338,3
1338,5
1338,5
1338,3
1338,5
1338,3
1340,3
1340,3
1340,3
1340,4
1340,3
1340,3
1340,4
1340,3
1340,4
1340,5
1340,3
1340,4
1340,3
1340,5
1340,5
1340,5
1340,4
1340,3
1340,4
1340,3
1340,4
1340,3
1340,3
1340,5
1340,4
1340,3
1340,5
1340,1
1340,3
1340,4
371,4
371,2
371,3
371,3
371,3
371,3
371,3
371,2
371,2
371,3
371,1
371,2
371,5
371,2
371,3
371,4
371,3
371,4
371,2
371,4
371,2
371,3
371,3
371,2
371,3
371,3
371,2
371,5
371,3
371,4
1816,1
1816,4
1816,2
1816,3
1816,5
1816,4
1816,3
1816,2
1816,4
1816,4
1816,5
1816,4
1816,3
1816,5
1816,5
1816,5
1816,3
1816,1
1816,3
1816,2
1816,3
1816,5
1816,4
1816,3
1816,2
1816,3
1816,3
1816,3
1816,4
1816,4
370,2
370,3
370,4
370,3
370,3
370,3
370,3
370,3
370,3
370,4
370,4
370,3
370,5
370,2
370,3
370,4
370,3
370,4
370,5
370,3
370,4
370,4
370,3
370,3
370,2
370,3
370,1
370,2
370,5
370,3
1815,3
1815,2
1815,3
1815,1
1815,2
1815,3
1815,3
1815,5
1815,4
1815,3
1815,3
1815,1
1815,3
1815,2
1815,2
1815,3
1815,3
1815,4
1815,3
1815,5
1815,3
1815,4
1815,5
1815,4
1815,3
1815,5
1815,3
1815,5
1815,2
1815,3
381,1
381,2
381,2
381,3
381,4
381,5
381,3
381,4
381,5
381,3
381,2
381,3
381,2
381,5
381,3
381,2
381,5
381,4
381,4
381,3
381,1
381,3
381,5
381,2
381,3
381,5
381,2
381,4
381,3
381,2
1328,3
1328,4
1328,2
1328,4
1328,5
1328,3
1328,3
1328,3
1328,5
1328,4
1328,2
1328,4
1328,4
1328,5
1328,5
1328,5
1328,3
1328,5
1328,3
1328,3
1328,4
1328,4
1328,4
1328,3
1328,3
1328,2
1328,5
1328,4
1328,3
1328,3
1813,4
1813,1
1813,2
1813,3
1813,3
1813,2
1813,3
1813,3
1813,3
1813,3
1813,4
1813,4
1813,2
1813,5
1813,3
1813,3
1813,1
1813,4
1813,3
1813,3
1813,3
1813,3
1813,4
1813,3
1813,5
1813,3
1813,2
1813,3
1813,2
1813,3
1330,3
1330,1
1330,4
1330,4
1330,2
1330,2
1330,5
1330,4
1330,2
1330,2
1330,4
1330,4
1330,3
1330,1
1330,5
1330,3
1330,4
1330,5
1330,4
1330,2
1330,2
1330,3
1330,3
1330,4
1330,3
1330,2
1330,3
1330,3
1330,3
1330,4
1804,3
1804,3
1804,3
1804,2
1804,3
1804,3
1804,4
1804,4
1804,4
1804,3
1804,2
1804,5
1804,5
1804,3
1804,3
1804,4
1804,5
1804,5
1804,3
1804,4
1804,2
1804,4
1804,2
1804,5
1804,3
1804,3
1804,3
1804,3
1804,5
1804,2
1322,3
1322,1
1322,3
1322,2
1322,2
1322,3
1322,3
1322,3
1322,3
1322,3
1322,5
1322,4
1322,2
1322,4
1322,5
1322,4
1322,5
1322,3
1322,4
1322,4
1322,4
1322,3
1322,3
1322,4
1322,5
1322,3
1322,5
1322,3
1322,3
1322,2
353,3
353,2
353,3
353,3
353,3
353,3
353,3
353,3
353,3
353,2
353,3
353,5
353,1
353,3
353,5
353,2
353,5
353,3
353,5
353,2
353,5
353,5
353,4
353,3
353,3
353,2
353,3
353,1
353,5
353,3
355,3
355,3
355,4
355,3
355,4
355,5
355,3
355,5
355,5
355,5
355,3
355,3
355,4
355,3
355,3
355,4
355,4
355,2
355,5
355,3
355,3
355,3
355,4
355,3
355,5
355,4
355,3
355,5
355,5
355,4
365,3
365,4
365,3
365,5
365,5
365,5
365,3
365,4
365,3
365,3
365,5
365,5
365,2
365,3
365,3
365,5
365,4
365,3
365,3
365,4
365,5
365,2
365,4
365,4
365,5
365,5
365,2
365,2
365,3
365,3
1314,3
1314,2
1314,2
1314,3
1314,4
1314,2
1314,2
1314,3
1314,3
1314,4
1314,5
1314,5
1314,5
1314,3
1314,3
1314,3
1314,3
1314,3
1314,3
1314,3
1314,2
1314,3
1314,3
1314,2
1314,5
1314,2
1314,5
1314,3
1314,5
1314,3
1796,2
1796,3
1796,4
1796,3
1796,2
1796,3
1796,2
1796,3
1796,2
1796,4
1796,5
1796,3
1796,3
1796,3
1796,4
1796,3
1796,3
1796,2
1796,5
1796,4
1796,3
1796,4
1796,2
1796,5
1796,3
1796,5
1796,4
1796,4
1796,3
1796,3
841,3
841,3
841,3
841,3
841,3
841,3
841,2
841,4
841,3
841,4
841,3
841,5
841,5
841,3
841,3
841,4
841,3
841,4
841,2
841,4
841,5
841,5
841,3
841,2
841,4
841,5
841,3
841,3
841,3
841,4
846,1
846,4
846,3
846,2
846,3
846,3
846,4
846,5
846,3
846,5
846,3
846,3
846,3
846,4
846,3
846,4
846,4
846,3
846,5
846,4
846,2
846,4
846,3
846,1
846,5
846,5
846,5
846,2
846,3
846,3
845,2
845,3
845,3
845,4
845,3
845,3
845,3
845,5
845,2
845,2
845,4
845,3
845,2
845,5
845,2
845,5
845,2
845,5
845,2
845,4
845,5
845,3
845,2
845,5
845,2
845,3
845,5
845,4
845,4
845,3
1494,2
1494,3
1494,2
1494,4
1494,3
1494,3
1494,2
1494,4
1494,3
1494,3
1494,4
1494,2
1494,4
1494,3
1494,3
1494,4
1494,1
1494,4
1494,3
1494,3
1494,3
1494,4
1494,3
1494,4
1494,3
1494,2
1494,4
1494,3
1494,3
1494,2
408,2
408,1
408,2
408,3
408,3
408,3
408,3
408,3
408,3
408,3
408,4
408,2
408,5
408,3
408,3
408,4
408,3
408,3
408,3
408,3
408,3
408,2
408,4
408,2
408,3
408,3
408,3
408,3
408,3
408,2
414,3
414,1
414,3
414,3
414,3
414,3
414,3
414,3
414,3
414,3
414,3
414,3
414,5
414,3
414,4
414,2
414,3
414,3
414,4
414,2
414,4
414,5
414,2
414,5
414,5
414,5
414,3
414,4
414,3
414,2
1488,2
1488,3
1488,4
1488,1
1488,3
1488,2
1488,4
1488,5
1488,2
1488,5
1488,4
1488,3
1488,3
1488,3
1488,3
1488,3
1488,4
1488,5
1488,3
1488,3
1488,4
1488,3
1488,2
1488,3
1488,5
1488,4
1488,3
1488,2
1488,5
1488,3
955,3
955,3
955,3
955,5
955,5
955,2
955,5
955,3
955,2
955,3
955,4
955,2
955,5
955,5
955,4
955,5
955,3
955,4
955,3
955,4
955,2
955,3
955,4
955,3
955,5
955,2
955,3
955,4
955,4
955,3
1500,4
1500,3
1500,4
1500,4
1500,3
1500,3
1500,3
1500,4
1500,4
1500,3
1500,4
1500,2
1500,3
1500,5
1500,5
1500,3
1500,3
1500,2
1500,4
1500,4
1500,3
1500,5
1500,4
1500,4
1500,5
1500,5
1500,3
1500,4
1500,3
1500,4
407,2
407,1
407,2
407,1
407,4
407,4
407,3
407,3
407,3
407,2
407,3
407,3
407,5
407,5
407,2
407,2
407,5
407,4
407,3
407,3
407,1
407,3
407,3
407,3
407,4
407,3
407,1
407,4
407,3
407,2
1496,4
1496,3
1496,3
1496,2
1496,3
1496,4
1496,3
1496,3
1496,3
1496,3
1496,3
1496,2
1496,2
1496,3
1496,1
1496,2
1496,5
1496,5
1496,3
1496,2
1496,3
1496,3
1496,5
1496,1
1496,4
1496,2
1496,2
1496,3
1496,5
1496,3
1497,1
1497,2
1497,3
1497,4
1497,5
1497,3
1497,3
1497,3
1497,3
1497,3
1497,3
1497,2
1497,4
1497,2
1497,5
1497,2
1497,5
1497,5
1497,5
1497,2
1497,4
1497,3
1497,3
1497,5
1497,4
1497,5
1497,5
1497,3
1497,3
1497,4
395,5
395,2
395,4
395,3
395,3
395,2
395,4
395,2
395,2
395,5
395,3
395,2
395,5
395,3
395,4
395,5
395,2
395,4
395,3
395,3
395,2
395,2
395,3
395,4
395,3
395,5
395,3
395,1
395,3
395,3
1478,1
1478,3
1478,2
1478,4
1478,3
1478,4
1478,4
1478,3
1478,2
1478,5
1478,3
1478,3
1478,3
1478,4
1478,2
1478,5
1478,2
1478,4
1478,4
1478,4
1478,4
1478,5
1478,3
1478,3
1478,4
1478,4
1478,5
1478,2
1478,3
1478,2
393,2
393,1
393,4
393,2
393,3
393,2
393,5
393,3
393,2
393,3
393,4
393,1
393,3
393,3
393,2
393,2
393,3
393,4
393,2
393,3
393,3
393,5
393,3
393,4
393,3
393,5
393,5
393,2
393,4
393,3
392,2
392,3
392,3
392,2
392,3
392,3
392,3
392,3
392,5
392,3
392,4
392,5
392,5
392,2
392,5
392,4
392,4
392,2
392,5
392,3
392,3
392,4
392,2
392,4
392,4
392,5
392,5
392,3
392,3
392,4
937,3
937,3
937,3
937,4
937,3
937,3
937,2
937,3
937,5
937,1
937,3
937,5
937,5
937,3
937,4
937,5
937,4
937,4
937,5
937,2
937,3
937,4
937,4
937,3
937,2
937,5
937,4
937,4
937,3
937,4
398,2
398,4
398,2
398,2
398,4
398,3
398,4
398,3
398,5
398,3
398,5
398,4
398,4
398,5
398,2
398,5
398,3
398,3
398,2
398,4
398,3
398,4
398,3
398,3
398,3
398,4
398,4
398,5
398,3
398,2
1473,3
1473,3
1473,4
1473,4
1473,3
1473,4
1473,3
1473,5
1473,3
1473,2
1473,4
1473,5
1473,1
1473,4
1473,2
1473,5
1473,4
1473,5
1473,4
1473,3
1473,4
1473,4
1473,5
1473,2
1473,4
1473,1
1473,2
1473,3
1473,3
1473,4
386,5
386,2
386,3
386,2
386,3
386,3
386,3
386,3
386,3
386,3
386,4
386,5
386,1
386,3
386,3
386,3
386,3
386,3
386,3
386,4
386,4
386,4
386,5
386,5
386,3
386,5
386,3
386,5
386,4
386,2
1486,1
1486,4
1486,3
1486,2
1486,3
1486,5
1486,3
1486,2
1486,3
1486,3
1486,5
1486,4
1486,3
1486,4
1486,4
1486,2
1486,3
1486,3
1486,3
1486,4
1486,5
1486,5
1486,5
1486,4
1486,3
1486,3
1486,4
1486,4
1486,3
1486,5
391,5
391,2
391,3
391,1
391,2
391,4
391,4
391,3
391,3
391,5
391,3
391,4
391,2
391,4
391,4
391,5
391,3
391,3
391,3
391,3
391,2
391,3
391,4
391,4
391,3
391,5
391,4
391,5
391,5
391,3
388,4
388,3
388,3
388,3
388,3
388,4
388,5
388,5
388,4
388,2
388,4
388,3
388,2
388,5
388,3
388,4
388,4
388,5
388,4
388,2
388,3
388,3
388,3
388,1
388,3
388,5
388,3
388,2
388,3
388,3
440,4
440,3
440,3
440,2
440,3
440,2
440,3
440,3
440,2
440,2
440,3
440,3
440,3
440,3
440,3
440,5
440,3
440,3
440,3
440,2
440,2
440,2
440,3
440,3
440,4
440,3
440,4
440,4
440,3
440,4
442,4
442,2
442,3
442,3
442,3
442,3
442,2
442,4
442,3
442,5
442,5
442,3
442,5
442,3
442,5
442,5
442,3
442,4
442,3
442,3
442,2
442,5
442,3
442,2
442,5
442,3
442,4
442,5
442,3
442,2
443,3
443,2
443,2
443,3
443,3
443,2
443,5
443,4
443,3
443,2
443,4
443,4
443,3
443,1
443,5
443,3
443,5
443,3
443,3
443,3
443,3
443,3
443,3
443,3
443,3
443,5
443,5
443,3
443,3
443,4
922,4
922,3
922,3
922,3
922,2
922,4
922,5
922,3
922,4
922,4
922,5
922,4
922,5
922,3
922,4
922,1
922,4
922,2
922,4
922,2
922,4
922,3
922,4
922,3
922,4
922,3
922,4
922,2
922,2
922,4
446,5
446,1
446,3
446,3
446,3
446,3
446,3
446,4
446,1
446,5
446,2
446,3
446,3
446,4
446,3
446,3
446,4
446,3
446,2
446,3
446,2
446,3
446,5
446,1
446,4
446,2
446,5
446,5
446,2
446,4
447,5
447,1
447,3
447,3
447,3
447,3
447,3
447,2
447,4
447,2
447,3
447,3
447,5
447,3
447,3
447,3
447,3
447,2
447,5
447,4
447,4
447,5
447,3
447,4
447,3
447,4
447,2
447,4
447,2
447,3
919,3
919,2
919,5
919,4
919,4
919,3
919,5
919,5
919,3
919,2
919,2
919,4
919,4
919,5
919,3
919,3
919,3
919,2
919,5
919,3
919,5
919,4
919,4
919,2
919,5
919,5
919,2
919,3
919,2
919,2
1533,2
1533,3
1533,3
1533,5
1533,5
1533,3
1533,3
1533,5
1533,4
1533,3
1533,3
1533,5
1533,3
1533,4
1533,3
1533,4
1533,4
1533,2
1533,3
1533,3
1533,3
1533,4
1533,2
1533,2
1533,3
1533,3
1533,2
1533,3
1533,4
1533,3
1528,4
1528,1
1528,3
1528,3
1528,2
1528,3
1528,3
1528,3
1528,3
1528,3
1528,4
1528,5
1528,5
1528,3
1528,2
1528,2
1528,3
1528,3
1528,3
1528,3
1528,4
1528,3
1528,2
1528,2
1528,4
1528,3
1528,5
1528,5
1528,4
1528,2
913,4
913,3
913,1
913,2
913,3
913,3
913,3
913,4
913,4
913,3
913,5
913,5
913,3
913,4
913,2
913,2
913,5
913,1
913,2
913,2
913,2
913,3
913,4
913,5
913,3
913,4
913,5
913,5
913,4
913,4
911,4
911,4
911,3
911,3
911,3
911,3
911,3
911,4
911,2
911,3
911,4
911,3
911,4
911,3
911,4
911,4
911,2
911,5
911,5
911,4
911,3
911,3
911,3
911,3
911,3
911,4
911,4
911,5
911,3
911,4
1509,4
1509,3
1509,1
1509,3
1509,5
1509,5
1509,5
1509,5
1509,4
1509,4
1509,5
1509,1
1509,5
1509,3
1509,2
1509,4
1509,3
1509,3
1509,5
1509,5
1509,2
1509,3
1509,3
1509,2
1509,5
1509,5
1509,3
1509,4
1509,5
1509,3
1511,4
1511,3
1511,3
1511,3
1511,3
1511,3
1511,2
1511,5
1511,4
1511,4
1511,5
1511,3
1511,4
1511,4
1511,2
1511,2
1511,3
1511,5
1511,5
1511,4
1511,4
1511,3
1511,3
1511,4
1511,3
1511,3
1511,3
1511,3
1511,3
1511,3
428,4
428,3
428,3
428,4
428,3
428,3
428,3
428,1
428,2
428,5
428,3
428,3
428,2
428,3
428,3
428,4
428,5
428,5
428,4
428,4
428,2
428,2
428,3
428,3
428,4
428,5
428,5
428,5
428,3
428,2
431,3
431,1
431,4
431,4
431,2
431,5
431,3
431,3
431,2
431,4
431,3
431,4
431,4
431,3
431,3
431,3
431,3
431,3
431,2
431,4
431,4
431,2
431,2
431,4
431,3
431,5
431,4
431,4
431,3
431,4
904,2
904,4
904,4
904,5
904,3
904,4
904,5
904,3
904,5
904,4
904,4
904,2
904,3
904,3
904,4
904,4
904,5
904,4
904,4
904,3
904,4
904,3
904,3
904,2
904,2
904,5
904,2
904,4
904,5
904,5
903,4
903,1
903,3
903,2
903,3
903,3
903,4
903,3
903,5
903,5
903,3
903,4
903,4
903,4
903,4
903,2
903,2
903,2
903,4
903,3
903,2
903,2
903,3
903,4
903,5
903,5
903,4
903,4
903,4
903,3
416,3
416,2
416,4
416,3
416,1
416,3
416,4
416,3
416,2
416,5
416,3
416,4
416,4
416,4
416,4
416,3
416,5
416,3
416,3
416,3
416,3
416,3
416,5
416,4
416,3
416,4
416,3
416,3
416,3
416,4
1519,4
1519,3
1519,1
1519,2
1519,4
1519,5
1519,3
1519,4
1519,5
1519,3
1519,4
1519,4
1519,2
1519,3
1519,2
1519,3
1519,2
1519,5
1519,3
1519,2
1519,3
1519,3
1519,4
1519,4
1519,3
1519,2
1519,5
1519,5
1519,3
1519,4
1518,2
1518,3
1518,1
1518,3
1518,4
1518,3
1518,3
1518,3
1518,5
1518,5
1518,3
1518,3
1518,4
1518,3
1518,4
1518,2
1518,2
1518,5
1518,5
1518,3
1518,4
1518,4
1518,2
1518,4
1518,4
1518,2
1518,3
1518,3
1518,5
1518,4
900,4
900,5
900,3
900,3
900,3
900,3
900,4
900,2
900,5
900,3
900,5
900,3
900,5
900,3
900,3
900,2
900,3
900,2
900,3
900,3
900,3
900,4
900,4
900,4
900,2
900,1
900,2
900,3
900,4
900,4
899,3
899,4
899,3
899,3
899,2
899,3
899,5
899,3
899,3
899,3
899,3
899,3
899,4
899,4
899,3
899,3
899,4
899,2
899,5
899,2
899,2
899,3
899,2
899,3
899,3
899,3
899,4
899,5
899,3
899,2
421,2
421,4
421,3
421,1
421,2
421,5
421,3
421,3
421,3
421,4
421,3
421,4
421,3
421,3
421,2
421,4
421,3
421,3
421,3
421,4
421,4
421,2
421,5
421,4
421,5
421,2
421,3
421,5
421,3
421,4
1514,2
1514,2
1514,3
1514,3
1514,3
1514,3
1514,2
1514,4
1514,3
1514,4
1514,5
1514,3
1514,5
1514,3
1514,2
1514,4
1514,5
1514,3
1514,3
1514,4
1514,3
1514,3
1514,2
1514,5
1514,4
1514,4
1514,4
1514,1
1514,5
1514,2
478,4
478,3
478,3
478,4
478,4
478,3
478,5
478,3
478,4
478,4
478,4
478,3
478,3
478,3
478,4
478,3
478,2
478,3
478,4
478,4
478,2
478,4
478,3
478,4
478,3
478,3
478,3
478,3
478,4
478,5
1018,3
1018,2
1018,2
1018,3
1018,3
1018,2
1018,3
1018,5
1018,4
1018,3
1018,3
1018,4
1018,3
1018,3
1018,2
1018,5
1018,3
1018,4
1018,2
1018,4
1018,4
1018,3
1018,2
1018,1
1018,2
1018,3
1018,2
1018,3
1018,5
1018,3
1019,4
1019,5
1019,1
1019,3
1019,4
1019,2
1019,3
1019,4
1019,3
1019,2
1019,3
1019,5
1019,3
1019,3
1019,5
1019,2
1019,5
1019,2
1019,2
1019,3
1019,4
1019,5
1019,3
1019,3
1019,4
1019,3
1019,5
1019,3
1019,3
1019,4
1009,4
1009,2
1009,2
1009,3
1009,5
1009,3
1009,3
1009,3
1009,5
1009,3
1009,2
1009,3
1009,3
1009,1
1009,5
1009,4
1009,3
1009,5
1009,2
1009,4
1009,3
1009,4
1009,2
1009,3
1009,5
1009,5
1009,3
1009,4
1009,4
1009,3
1432,3
1432,3
1432,3
1432,4
1432,4
1432,3
1432,3
1432,3
1432,5
1432,4
1432,3
1432,3
1432,4
1432,5
1432,3
1432,2
1432,1
1432,4
1432,2
1432,4
1432,4
1432,4
1432,2
1432,3
1432,2
1432,4
1432,4
1432,5
1432,3
1432,4
1012,2
1012,3
1012,3
1012,2
1012,2
1012,3
1012,3
1012,4
1012,3
1012,2
1012,3
1012,5
1012,3
1012,4
1012,2
1012,3
1012,2
1012,5
1012,3
1012,2
1012,3
1012,2
1012,3
1012,5
1012,3
1012,3
1012,4
1012,3
1012,3
1012,2
1002,4
1002,2
1002,4
1002,4
1002,3
1002,2
1002,3
1002,5
1002,3
1002,3
1002,2
1002,5
1002,4
1002,4
1002,2
1002,5
1002,2
1002,5
1002,3
1002,3
1002,5
1002,3
1002,3
1002,4
1002,3
1002,3
1002,4
1002,3
1002,2
1002,4
459,2
459,3
459,3
459,3
459,3
459,3
459,4
459,4
459,2
459,3
459,3
459,3
459,3
459,5
459,3
459,4
459,2
459,2
459,4
459,3
459,3
459,3
459,2
459,2
459,3
459,4
459,5
459,5
459,3
459,4
1413,2
1413,4
1413,3
1413,3
1413,5
1413,3
1413,3
1413,3
1413,4
1413,4
1413,4
1413,3
1413,5
1413,4
1413,3
1413,4
1413,3
1413,4
1413,2
1413,4
1413,3
1413,4
1413,4
1413,2
1413,3
1413,4
1413,5
1413,4
1413,3
1413,2
455,2
455,3
455,4
455,3
455,3
455,2
455,5
455,5
455,5
455,4
455,3
455,2
455,3
455,3
455,4
455,5
455,3
455,2
455,2
455,3
455,4
455,3
455,2
455,3
455,5
455,1
455,3
455,3
455,4
455,4
1416,3
1416,4
1416,3
1416,3
1416,2
1416,2
1416,3
1416,4
1416,2
1416,3
1416,4
1416,4
1416,2
1416,4
1416,5
1416,5
1416,4
1416,3
1416,2
1416,3
1416,3
1416,5
1416,5
1416,5
1416,4
1416,4
1416,4
1416,4
1416,4
1416,3
1423,2
1423,4
1423,3
1423,4
1423,3
1423,3
1423,1
1423,3
1423,4
1423,5
1423,5
1423,4
1423,2
1423,2
1423,5
1423,3
1423,4
1423,4
1423,2
1423,4
1423,4
1423,3
1423,4
1423,5
1423,3
1423,5
1423,3
1423,5
1423,4
1423,3
1457,2
1457,3
1457,2
1457,3
1457,3
1457,4
1457,5
1457,3
1457,3
1457,3
1457,4
1457,3
1457,4
1457,5
1457,3
1457,3
1457,5
1457,4
1457,3
1457,4
1457,3
1457,3
1457,5
1457,3
1457,3
1457,4
1457,3
1457,3
1457,2
1457,5
510,4
510,4
510,2
510,4
510,3
510,3
510,4
510,3
510,5
510,3
510,2
510,5
510,3
510,3
510,2
510,3
510,4
510,4
510,3
510,4
510,2
510,3
510,2
510,2
510,5
510,2
510,4
510,5
510,2
510,3
990,4
990,3
990,2
990,4
990,3
990,3
990,2
990,3
990,3
990,3
990,2
990,2
990,4
990,4
990,2
990,5
990,2
990,3
990,4
990,4
990,4
990,5
990,3
990,3
990,3
990,4
990,4
990,4
990,5
990,3
504,4
504,3
504,5
504,3
504,4
504,2
504,3
504,2
504,4
504,3
504,3
504,3
504,3
504,3
504,3
504,4
504,2
504,3
504,2
504,4
504,3
504,3
504,2
504,4
504,3
504,4
504,3
504,5
504,4
504,3
991,4
991,2
991,4
991,4
991,2
991,4
991,3
991,3
991,3
991,4
991,2
991,3
991,3
991,1
991,2
991,5
991,1
991,3
991,3
991,3
991,3
991,3
991,3
991,5
991,4
991,5
991,4
991,5
991,5
991,3
1462,4
1462,3
1462,2
1462,3
1462,1
1462,3
1462,2
1462,5
1462,4
1462,4
1462,2
1462,3
1462,4
1462,3
1462,3
1462,4
1462,3
1462,2
1462,4
1462,3
1462,2
1462,3
1462,5
1462,5
1462,3
1462,5
1462,4
1462,4
1462,3
1462,2
497,4
497,2
497,2
497,3
497,4
497,3
497,3
497,5
497,3
497,3
497,5
497,4
497,4
497,4
497,3
497,4
497,5
497,5
497,3
497,4
497,4
497,2
497,2
497,3
497,4
497,5
497,2
497,5
497,2
497,2
1470,4
1470,2
1470,3
1470,4
1470,2
1470,3
1470,3
1470,4
1470,3
1470,4
1470,5
1470,3
1470,3
1470,5
1470,2
1470,4
1470,2
1470,3
1470,4
1470,4
1470,3
1470,2
1470,3
1470,4
1470,1
1470,3
1470,5
1470,4
1470,3
1470,3
493,5
493,4
493,3
493,3
493,4
493,2
493,3
493,1
493,4
493,5
493,5
493,5
493,2
493,5
493,1
493,3
493,2
493,4
493,5
493,3
493,3
493,4
493,3
493,3
493,4
493,2
493,5
493,5
493,4
493,4
492,4
492,2
492,3
492,3
492,3
492,4
492,5
492,4
492,3
492,3
492,2
492,5
492,4
492,2
492,3
492,4
492,3
492,4
492,2
492,3
492,2
492,4
492,5
492,3
492,3
492,3
492,2
492,4
492,4
492,2
974,3
974,1
974,2
974,4
974,4
974,3
974,3
974,2
974,3
974,4
974,3
974,1
974,3
974,2
974,2
974,4
974,3
974,3
974,2
974,3
974,5
974,4
974,4
974,2
974,4
974,3
974,3
974,3
974,3
974,5
1444,2
1444,4
1444,2
1444,3
1444,3
1444,2
1444,2
1444,5
1444,5
1444,3
1444,5
1444,3
1444,4
1444,4
1444,2
1444,4
1444,2
1444,3
1444,4
1444,2
1444,5
1444,3
1444,2
1444,3
1444,3
1444,4
1444,4
1444,2
1444,3
1444,3
963,5
963,3
963,2
963,2
963,4
963,4
963,4
963,3
963,3
963,3
963,2
963,4
963,2
963,3
963,3
963,4
963,2
963,5
963,5
963,2
963,2
963,2
963,5
963,3
963,5
963,5
963,3
963,5
963,3
963,5
1449,4
1449,3
1449,5
1449,4
1449,5
1449,3
1449,5
1449,5
1449,3
1449,4
1449,1
1449,3
1449,5
1449,4
1449,3
1449,2
1449,3
1449,4
1449,5
1449,3
1449,3
1449,2
1449,4
1449,5
1449,3
1449,3
1449,4
1449,4
1449,5
1449,4
1450,4
1450,1
1450,4
1450,2
1450,3
1450,4
1450,4
1450,3
1450,2
1450,2
1450,2
1450,3
1450,3
1450,3
1450,3
1450,2
1450,3
1450,3
1450,4
1450,2
1450,4
1450,4
1450,5
1450,5
1450,3
1450,4
1450,3
1450,5
1450,3
1450,4
960,2
960,3
960,4
960,4
960,3
960,1
960,5
960,5
960,3
960,3
960,4
960,3
960,3
960,3
960,3
960,5
960,3
960,4
960,4
960,2
960,5
960,5
960,4
960,4
960,3
960,3
960,3
960,5
960,4
960,2
967,3
967,3
967,3
967,4
967,3
967,3
967,3
967,5
967,2
967,5
967,2
967,3
967,3
967,1
967,3
967,2
967,5
967,5
967,4
967,3
967,3
967,4
967,4
967,3
967,5
967,4
967,1
967,3
967,5
967,4
481,4
481,2
481,3
481,2
481,4
481,1
481,4
481,2
481,3
481,2
481,4
481,4
481,4
481,5
481,5
481,5
481,3
481,2
481,4
481,4
481,3
481,2
481,2
481,5
481,2
481,3
481,4
481,5
481,5
481,3
1455,5
1455,3
1455,1
1455,3
1455,4
1455,1
1455,2
1455,4
1455,3
1455,3
1455,4
1455,4
1455,5
1455,1
1455,1
1455,4
1455,3
1455,2
1455,4
1455,2
1455,5
1455,3
1455,3
1455,2
1455,2
1455,2
1455,3
1455,1
1455,2
1455,4
